Temperature and pH,,,
average,71.26,7.96,2020-12-03 13:23:16
average,71.37,8.26,2020-12-03 13:33:26
average,71.49,7.98,2020-12-03 13:43:37
average,71.58,8.02,2020-12-03 13:53:47
average,71.62,8.05,2020-12-03 14:03:58
average,71.71,7.86,2020-12-03 14:14:08
average,71.82,7.98,2020-12-03 14:24:18
average,71.92,7.77,2020-12-03 14:34:29
average,72.03,7.83,2020-12-03 14:44:39
average,72.16,7.89,2020-12-03 14:54:50
average,72.16,8.03,2020-12-03 15:05:00
average,72.27,7.88,2020-12-03 15:15:10
average,72.27,7.94,2020-12-03 15:25:21
average,72.39,7.93,2020-12-03 15:35:31
average,72.5,7.88,2020-12-03 15:45:42
average,72.5,8.09,2020-12-03 15:55:52
average,72.61,8.01,2020-12-03 16:06:02
average,72.61,7.91,2020-12-03 16:16:13
average,72.72,8.03,2020-12-03 16:26:23
average,72.77,7.91,2020-12-03 16:36:34
average,72.84,8.04,2020-12-03 16:46:44
average,72.84,7.95,2020-12-03 16:56:54
average,72.72,8.04,2020-12-03 17:07:05
average,72.82,8.02,2020-12-03 17:17:15
average,72.84,7.95,2020-12-03 17:27:25
average,72.84,8.07,2020-12-03 17:37:36
average,72.84,8.15,2020-12-03 17:47:46
average,72.84,8.09,2020-12-03 17:57:57
average,72.84,8.19,2020-12-03 18:08:07
average,72.95,8.07,2020-12-03 18:18:17
average,72.84,8.25,2020-12-03 18:28:28
average,72.95,7.91,2020-12-03 18:38:38
average,72.86,7.9,2020-12-03 18:48:49
average,72.95,7.96,2020-12-03 18:58:59
average,72.93,7.94,2020-12-03 19:09:09
average,72.95,7.99,2020-12-03 19:19:20
average,72.95,7.98,2020-12-03 19:29:30
average,72.93,8.15,2020-12-03 19:39:41
average,72.95,8.13,2020-12-03 19:49:51
average,72.93,8.11,2020-12-03 20:00:01
average,72.95,8.1,2020-12-03 20:10:12
average,72.95,8.11,2020-12-03 20:20:22
average,72.95,8.14,2020-12-03 20:30:32
average,72.95,8.14,2020-12-03 20:40:43
average,72.93,8.22,2020-12-03 20:50:53
average,72.95,8.07,2020-12-03 21:01:04
average,72.95,8.22,2020-12-03 21:11:14
average,72.95,8.13,2020-12-03 21:21:24
average,72.95,8.23,2020-12-03 21:31:35
average,72.95,8.27,2020-12-03 21:41:45
average,72.95,8.34,2020-12-03 21:51:56
average,72.95,8.21,2020-12-03 22:02:06
average,72.95,8.2,2020-12-03 22:12:16
average,72.95,8.35,2020-12-03 22:22:27
average,72.95,8.1,2020-12-03 22:32:37
average,72.95,8.18,2020-12-03 22:42:47
average,73.06,8.11,2020-12-03 22:52:58
average,72.95,8.21,2020-12-03 23:03:08
average,73.06,8.24,2020-12-03 23:13:19
average,72.95,8.13,2020-12-03 23:23:29
average,72.95,8.26,2020-12-03 23:33:39
average,73.06,8.3,2020-12-03 23:43:50
average,72.99,8.13,2020-12-03 23:54:00
average,73.06,8.15,2020-12-04 00:04:11
average,73.06,8.11,2020-12-04 00:14:21
average,73.06,8.05,2020-12-04 00:24:31
average,73.02,8.22,2020-12-04 00:34:42
average,73.06,8.26,2020-12-04 00:44:52
average,72.97,8.23,2020-12-04 00:55:02
average,73.04,8.22,2020-12-04 01:05:13
average,73.06,8.34,2020-12-04 01:15:23
average,72.99,8.42,2020-12-04 01:25:34
average,73.06,8.45,2020-12-04 01:35:44
average,72.95,8.38,2020-12-04 01:45:54
average,73.02,8.41,2020-12-04 01:56:05
average,73.06,8.52,2020-12-04 02:06:15
average,72.95,8.45,2020-12-04 02:16:26
average,73.06,8.49,2020-12-04 02:26:36
average,72.95,8.43,2020-12-04 02:36:46
average,72.95,8.6,2020-12-04 02:46:57
average,73.06,8.14,2020-12-04 02:57:07
average,72.95,8.34,2020-12-04 03:07:17
average,72.95,8.24,2020-12-04 03:17:28
average,72.95,8.32,2020-12-04 03:27:38
average,72.95,8.31,2020-12-04 03:37:49
average,73.04,8.37,2020-12-04 03:47:59
average,72.95,8.38,2020-12-04 03:58:09
average,72.95,8.08,2020-12-04 04:08:20
average,72.84,8.25,2020-12-04 04:18:30
average,72.93,8.43,2020-12-04 04:28:41
average,72.95,8.24,2020-12-04 04:38:51
average,72.84,8.12,2020-12-04 04:49:01
average,72.95,8.39,2020-12-04 04:59:12
average,72.84,8.17,2020-12-04 05:09:22
average,72.84,8.14,2020-12-04 05:19:32
average,72.84,8.45,2020-12-04 05:29:43
average,72.84,8.27,2020-12-04 05:39:53
average,72.86,8.35,2020-12-04 05:50:04
average,72.79,8.57,2020-12-04 06:00:14
average,72.84,8.26,2020-12-04 06:10:24
average,72.84,8.39,2020-12-04 06:20:35
average,72.77,8.52,2020-12-04 06:30:45
average,72.84,8.28,2020-12-04 06:40:56
average,72.72,8.3,2020-12-04 06:51:06
average,72.72,8.23,2020-12-04 07:01:16
average,72.72,8.16,2020-12-04 07:11:27
average,72.72,8,2020-12-04 07:21:37
average,72.84,7.97,2020-12-04 07:31:47
average,72.72,8.04,2020-12-04 07:41:58
average,72.72,7.98,2020-12-04 07:52:08
average,72.72,8.12,2020-12-04 08:02:19
average,72.72,8.18,2020-12-04 08:12:29
average,72.68,8.09,2020-12-04 08:22:39
average,72.68,8.21,2020-12-04 08:32:50
average,72.72,8.73,2020-12-04 08:43:00
average,72.63,8.72,2020-12-04 08:53:11
average,72.72,8.23,2020-12-04 09:03:21
average,72.61,8.53,2020-12-04 09:13:31
average,72.7,8.54,2020-12-04 09:23:42
average,72.72,8.54,2020-12-04 09:33:52
average,72.68,8.49,2020-12-04 09:44:03
average,72.72,9.04,2020-12-04 09:54:13
average,72.68,8.88,2020-12-04 10:04:23
average,72.72,9.04,2020-12-04 10:14:34
average,72.72,8.87,2020-12-04 10:24:44
average,72.72,8.57,2020-12-04 10:34:54
average,72.82,8.97,2020-12-04 10:45:05
average,72.72,8.94,2020-12-04 10:55:15
average,72.72,8.87,2020-12-04 11:05:26
average,72.72,8.62,2020-12-04 11:15:36
average,72.72,8.72,2020-12-04 11:25:46
average,72.84,8.74,2020-12-04 11:35:57
average,72.84,8.68,2020-12-04 11:46:07
average,72.84,8.6,2020-12-04 11:56:18
average,72.95,8.61,2020-12-04 12:06:28
average,72.84,8.25,2020-12-04 12:16:38
average,72.95,8.58,2020-12-04 12:26:49
average,72.93,8.72,2020-12-04 12:36:59
average,72.95,8.59,2020-12-04 12:47:09
average,72.97,8.26,2020-12-04 12:57:20
average,72.95,8.51,2020-12-04 13:07:30
average,73.06,8.32,2020-12-04 13:17:41
average,73.06,8.19,2020-12-04 13:27:51
average,73.06,8.36,2020-12-04 13:38:01
average,73.18,8.38,2020-12-04 13:48:12
average,73.06,8.34,2020-12-04 13:58:22
average,73.18,8.5,2020-12-04 14:08:33
average,73.18,8.68,2020-12-04 14:18:43
average,73.18,8.56,2020-12-04 14:28:53
average,73.18,8.22,2020-12-04 14:39:04
average,73.27,8.5,2020-12-04 14:49:14
average,73.29,8.57,2020-12-04 14:59:25
average,73.29,8.42,2020-12-04 15:09:35
average,73.29,8.29,2020-12-04 15:19:45
average,73.29,8.27,2020-12-04 15:29:56
average,73.4,9.11,2020-12-04 15:40:06
average,73.4,8.9,2020-12-04 15:50:16
average,73.4,9.37,2020-12-04 16:00:27
average,73.51,9.35,2020-12-04 16:10:37
average,73.42,9.58,2020-12-04 16:20:48
average,73.51,9.41,2020-12-04 16:30:58
average,73.42,9.34,2020-12-04 16:41:08
average,73.51,9.19,2020-12-04 16:51:19
average,73.49,9.18,2020-12-04 17:01:29
average,73.51,8.73,2020-12-04 17:11:40
average,73.51,9.02,2020-12-04 17:21:50
average,73.51,8.8,2020-12-04 17:32:00
average,73.51,8.61,2020-12-04 17:42:11
average,73.51,9.18,2020-12-04 17:52:21
average,73.55,9.14,2020-12-04 18:02:32
average,73.51,8.73,2020-12-04 18:12:42
average,73.55,8.91,2020-12-04 18:22:52
average,73.51,8.92,2020-12-04 18:33:03
average,73.55,8.61,2020-12-04 18:43:13
average,73.62,8.85,2020-12-04 18:53:23
average,73.58,8.92,2020-12-04 19:03:34
average,73.62,8.91,2020-12-04 19:13:44
average,73.62,8.84,2020-12-04 19:23:55
average,73.62,8.88,2020-12-04 19:34:05
average,73.62,9,2020-12-04 19:44:15
average,73.62,9.19,2020-12-04 19:54:26
average,73.62,9.22,2020-12-04 20:04:36
average,73.64,9.31,2020-12-04 20:14:47
average,73.62,9.27,2020-12-04 20:24:57
average,73.67,9.25,2020-12-04 20:35:07
average,73.62,9.16,2020-12-04 20:45:18
average,73.74,9.21,2020-12-04 20:55:28
average,73.64,9.07,2020-12-04 21:05:38
average,73.74,9.16,2020-12-04 21:15:49
average,73.74,8.98,2020-12-04 21:25:59
average,73.74,9.09,2020-12-04 21:36:10
average,73.74,8.95,2020-12-04 21:46:20
average,73.74,9.06,2020-12-04 21:56:30
average,73.85,9.14,2020-12-04 22:06:41
average,73.74,8.79,2020-12-04 22:16:51
average,73.85,8.91,2020-12-04 22:27:02
average,73.74,8.93,2020-12-04 22:37:12
average,73.81,8.89,2020-12-04 22:47:22
average,73.74,9.02,2020-12-04 22:57:33
average,73.74,8.83,2020-12-04 23:07:43
average,73.74,8.81,2020-12-04 23:17:54
average,73.74,9.04,2020-12-04 23:28:04
average,73.74,9.37,2020-12-04 23:38:14
average,73.74,8.96,2020-12-04 23:48:25
average,73.78,9.15,2020-12-04 23:58:35
average,73.74,8.95,2020-12-05 00:08:45
average,73.76,9.06,2020-12-05 00:18:56
average,73.74,9.18,2020-12-05 00:29:06
average,73.74,9.22,2020-12-05 00:39:17
average,73.69,9.13,2020-12-05 00:49:27
average,73.74,9.05,2020-12-05 00:59:37
average,73.62,9.03,2020-12-05 01:09:48
average,73.74,8.97,2020-12-05 01:19:58
average,73.74,9.01,2020-12-05 01:30:09
average,73.62,9.17,2020-12-05 01:40:19
average,73.74,8.94,2020-12-05 01:50:29
average,73.62,8.66,2020-12-05 02:00:40
average,73.72,8.64,2020-12-05 02:10:50
average,73.62,8.62,2020-12-05 02:21:00
average,73.62,8.86,2020-12-05 02:31:11
average,73.62,8.85,2020-12-05 02:41:21
average,73.62,8.99,2020-12-05 02:51:32
average,73.72,8.82,2020-12-05 03:01:42
average,73.6,8.9,2020-12-05 03:11:52
average,73.62,8.76,2020-12-05 03:22:03
average,73.62,8.82,2020-12-05 03:32:13
average,73.62,8.88,2020-12-05 03:42:24
average,73.58,8.83,2020-12-05 03:52:34
average,73.62,8.59,2020-12-05 04:02:44
average,73.51,8.64,2020-12-05 04:12:55
average,73.51,8.66,2020-12-05 04:23:05
average,73.62,8.78,2020-12-05 04:33:15
average,73.51,8.64,2020-12-05 04:43:26
average,73.62,8.86,2020-12-05 04:53:36
average,73.51,8.68,2020-12-05 05:03:47
average,73.51,8.49,2020-12-05 05:13:57
average,73.51,8.5,2020-12-05 05:24:07
average,73.51,8.32,2020-12-05 05:34:18
average,73.51,8.39,2020-12-05 05:44:28
average,73.51,8.36,2020-12-05 05:54:39
average,73.62,8.26,2020-12-05 06:04:49
average,73.51,8.27,2020-12-05 06:14:59
average,73.62,8.18,2020-12-05 06:25:10
average,73.51,8.45,2020-12-05 06:35:20
average,73.53,8.15,2020-12-05 06:45:31
average,73.51,8.23,2020-12-05 06:55:41
average,73.51,8.24,2020-12-05 07:05:51
average,73.62,8.13,2020-12-05 07:16:02
average,73.51,8.19,2020-12-05 07:26:12
average,73.6,8.24,2020-12-05 07:36:22
average,73.51,8.21,2020-12-05 07:46:33
average,73.51,8.18,2020-12-05 07:56:43
average,73.55,8.14,2020-12-05 08:06:54
average,73.51,8.12,2020-12-05 08:17:04
average,73.62,8.17,2020-12-05 08:27:14
average,73.51,8.06,2020-12-05 08:37:25
average,73.51,8.19,2020-12-05 08:47:35
average,73.51,7.98,2020-12-05 08:57:46
average,73.51,8.03,2020-12-05 09:07:56
average,73.51,7.93,2020-12-05 09:18:06
average,73.51,8.05,2020-12-05 09:28:17
average,73.51,8.1,2020-12-05 09:38:27
average,73.49,7.96,2020-12-05 09:48:38
average,73.51,8.15,2020-12-05 09:58:48
average,73.51,7.95,2020-12-05 10:08:58
average,73.42,7.97,2020-12-05 10:19:09
average,73.51,8.01,2020-12-05 10:29:19
average,73.4,8.38,2020-12-05 10:39:29
average,73.31,8.54,2020-12-05 10:49:40
average,73.25,8.38,2020-12-05 10:59:50
average,73.25,8.16,2020-12-05 11:10:01
average,73.18,8.58,2020-12-05 11:20:11
average,73.06,8.9,2020-12-05 11:30:21
average,72.91,9.19,2020-12-05 11:40:32
average,72.77,9.09,2020-12-05 11:50:42
average,72.61,8.69,2020-12-05 12:00:52
average,72.5,8.86,2020-12-05 12:11:03
average,72.32,8.72,2020-12-05 12:21:13
average,72.16,8.37,2020-12-05 12:31:24
average,71.94,8.45,2020-12-05 12:41:34
average,71.71,8.15,2020-12-05 12:51:44
average,71.6,8.05,2020-12-05 13:01:55
average,71.37,7.66,2020-12-05 13:12:05
average,71.26,7.6,2020-12-05 13:22:16
average,71.19,7.5,2020-12-05 13:32:26
average,71.26,7.46,2020-12-05 13:42:36
average,71.15,7.26,2020-12-05 13:52:47
average,71.04,7.42,2020-12-05 14:02:57
average,70.93,7.26,2020-12-05 14:13:08
average,70.81,7.34,2020-12-05 14:23:18
average,70.66,7.3,2020-12-05 14:33:28
average,70.59,7.4,2020-12-05 14:43:39
average,70.59,7.64,2020-12-05 14:53:49
average,70.59,7.62,2020-12-05 15:03:59
average,70.7,7.43,2020-12-05 15:14:10
average,70.81,7.44,2020-12-05 15:24:20
average,70.93,7.33,2020-12-05 15:34:31
average,70.93,7.27,2020-12-05 15:44:41
average,71.04,7.35,2020-12-05 15:54:51
average,71.15,7.21,2020-12-05 16:05:02
average,71.24,7.2,2020-12-05 16:15:12
average,71.37,7.16,2020-12-05 16:25:23
average,71.37,7.31,2020-12-05 16:35:33
average,71.44,7.09,2020-12-05 16:45:43
average,71.37,7.09,2020-12-05 16:55:54
average,71.26,7.15,2020-12-05 17:06:04
average,71.26,7.22,2020-12-05 17:16:14
average,71.26,7.21,2020-12-05 17:26:25
average,71.37,7.23,2020-12-05 17:36:35
average,71.37,7.23,2020-12-05 17:46:46
average,71.49,7.19,2020-12-05 17:56:56
average,71.49,7.23,2020-12-05 18:07:06
average,71.6,7.21,2020-12-05 18:17:17
average,71.6,7.24,2020-12-05 18:27:27
average,71.6,7.25,2020-12-05 18:37:38
average,71.71,7.35,2020-12-05 18:47:48
average,71.6,7.27,2020-12-05 18:57:58
average,71.71,7.26,2020-12-05 19:08:09
average,71.71,7.21,2020-12-05 19:18:19
average,71.71,7.25,2020-12-05 19:28:30
average,71.82,7.19,2020-12-05 19:38:40
average,71.71,7.2,2020-12-05 19:48:50
average,71.73,7.15,2020-12-05 19:59:01
average,71.71,7.33,2020-12-05 20:09:11
average,71.71,7.4,2020-12-05 20:19:21
average,71.71,7.28,2020-12-05 20:29:32
average,71.71,7.42,2020-12-05 20:39:42
average,71.71,7.25,2020-12-05 20:49:53
average,71.75,7.38,2020-12-05 21:00:03
average,71.82,7.25,2020-12-05 21:10:13
average,71.82,7.22,2020-12-05 21:20:24
average,71.87,7.28,2020-12-05 21:30:34
average,71.82,7.38,2020-12-05 21:40:45
average,71.82,7.27,2020-12-05 21:50:55
average,71.82,7.32,2020-12-05 22:01:05
average,71.94,7.26,2020-12-05 22:11:16
average,71.82,7.19,2020-12-05 22:21:26
average,71.92,7.23,2020-12-05 22:31:36
average,71.94,7.09,2020-12-05 22:41:47
average,71.94,7.08,2020-12-05 22:51:57
average,71.94,7.1,2020-12-05 23:02:08
average,71.94,6.96,2020-12-05 23:12:18
average,71.94,6.97,2020-12-05 23:22:28
average,71.94,6.87,2020-12-05 23:32:39
average,71.94,6.88,2020-12-05 23:42:49
average,72.05,6.84,2020-12-05 23:53:00
average,71.94,6.89,2020-12-06 00:03:10
average,71.94,6.84,2020-12-06 00:13:20
average,71.92,6.81,2020-12-06 00:23:31
average,71.94,6.83,2020-12-06 00:33:41
average,71.82,6.8,2020-12-06 00:43:52
average,71.84,6.84,2020-12-06 00:54:02
average,71.94,6.8,2020-12-06 01:04:12
average,71.82,6.86,2020-12-06 01:14:23
average,71.82,6.95,2020-12-06 01:24:33
average,71.84,7.01,2020-12-06 01:34:43
average,71.82,7.14,2020-12-06 01:44:54
average,71.82,7.09,2020-12-06 01:55:04
average,71.73,7.1,2020-12-06 02:05:15
average,71.8,7.13,2020-12-06 02:15:25
average,71.71,7.09,2020-12-06 02:25:35
average,71.71,7.09,2020-12-06 02:35:46
average,71.71,6.99,2020-12-06 02:45:56
average,71.71,7.04,2020-12-06 02:56:07
average,71.71,7.08,2020-12-06 03:06:17
average,71.6,7.01,2020-12-06 03:16:27
average,71.6,7.06,2020-12-06 03:26:38
average,71.71,6.96,2020-12-06 03:36:48
average,71.6,7.04,2020-12-06 03:46:58
average,71.6,7,2020-12-06 03:57:09
average,71.56,7.03,2020-12-06 04:07:19
average,71.49,7.07,2020-12-06 04:17:30
average,71.49,7.03,2020-12-06 04:27:40
average,71.49,7.07,2020-12-06 04:37:50
average,71.53,7.09,2020-12-06 04:48:01
average,71.49,6.99,2020-12-06 04:58:11
average,71.49,6.89,2020-12-06 05:08:22
average,71.49,6.78,2020-12-06 05:18:32
average,71.39,6.78,2020-12-06 05:28:42
average,71.37,6.66,2020-12-06 05:38:53
average,71.37,6.66,2020-12-06 05:49:03
average,71.37,6.55,2020-12-06 05:59:13
average,71.37,6.53,2020-12-06 06:09:24
average,71.26,6.57,2020-12-06 06:19:34
average,71.26,6.57,2020-12-06 06:29:45
average,71.26,10.82,2020-12-06 06:39:55
average,71.26,6.49,2020-12-06 06:50:05
average,71.26,6.52,2020-12-06 07:00:16
average,71.26,6.49,2020-12-06 07:10:26
average,71.15,6.46,2020-12-06 07:20:37
average,71.15,6.46,2020-12-06 07:30:47
average,71.13,6.47,2020-12-06 07:40:57
average,71.08,6.44,2020-12-06 07:51:08
average,71.04,6.39,2020-12-06 08:01:18
average,71.06,6.39,2020-12-06 08:11:28
average,71.04,6.41,2020-12-06 08:21:39
average,71.04,6.39,2020-12-06 08:31:49
average,71.04,6.4,2020-12-06 08:42:00
average,70.93,6.38,2020-12-06 08:52:10
average,70.93,6.41,2020-12-06 09:02:20
average,70.93,6.4,2020-12-06 09:12:31
average,70.93,6.42,2020-12-06 09:22:41
average,70.93,6.33,2020-12-06 09:32:52
average,70.93,6.4,2020-12-06 09:43:02
average,70.81,6.39,2020-12-06 09:53:12
average,70.81,6.33,2020-12-06 10:03:23
average,70.81,6.32,2020-12-06 10:13:33
average,70.81,6.36,2020-12-06 10:23:43
average,70.81,6.35,2020-12-06 10:33:54
average,70.74,6.35,2020-12-06 10:44:04
average,70.81,6.36,2020-12-06 10:54:15
average,70.72,6.36,2020-12-06 11:04:25
average,70.77,6.36,2020-12-06 11:14:35
average,70.81,6.32,2020-12-06 11:24:46
average,70.81,6.36,2020-12-06 11:34:56
average,70.7,6.4,2020-12-06 11:45:07
average,70.7,6.47,2020-12-06 11:55:17
average,70.7,6.39,2020-12-06 12:05:27
average,70.74,6.36,2020-12-06 12:15:38
average,70.66,6.41,2020-12-06 12:25:48
average,70.63,6.35,2020-12-06 12:35:59
average,70.59,6.38,2020-12-06 12:46:09
average,70.59,6.35,2020-12-06 12:56:19
average,70.7,6.33,2020-12-06 13:06:30
average,70.59,6.33,2020-12-06 13:16:40
average,70.59,6.35,2020-12-06 13:26:50
average,70.47,6.28,2020-12-06 13:37:01
average,70.49,6.29,2020-12-06 13:47:11
average,70.59,6.24,2020-12-06 13:57:22
average,70.47,6.22,2020-12-06 14:07:32
average,70.47,6.21,2020-12-06 14:17:42
average,70.59,6.24,2020-12-06 14:27:53
average,70.47,6.26,2020-12-06 14:38:03
average,70.47,6.25,2020-12-06 14:48:14
average,70.47,6.62,2020-12-06 14:58:24
average,70.54,6.74,2020-12-06 15:08:34
average,70.59,6.51,2020-12-06 15:18:45
average,70.59,6.46,2020-12-06 15:28:55
average,70.7,6.41,2020-12-06 15:39:05
average,70.68,6.4,2020-12-06 15:49:16
average,70.7,6.34,2020-12-06 15:59:26
average,70.7,6.35,2020-12-06 16:09:37
average,70.7,6.35,2020-12-06 16:19:47
average,70.81,6.35,2020-12-06 16:29:57
average,70.72,6.33,2020-12-06 16:40:08
average,70.81,6.32,2020-12-06 16:50:18
average,70.72,6.27,2020-12-06 17:00:29
average,70.81,6.29,2020-12-06 17:10:39
average,70.79,6.28,2020-12-06 17:20:49
average,70.81,6.16,2020-12-06 17:31:00
average,70.81,6.25,2020-12-06 17:41:10
average,70.81,6.12,2020-12-06 17:51:20
average,70.7,6.29,2020-12-06 18:01:31
average,70.81,6.17,2020-12-06 18:11:41
average,70.81,6.26,2020-12-06 18:21:52
average,70.81,6.26,2020-12-06 18:32:02
average,70.81,6.22,2020-12-06 18:42:12
average,70.74,6.29,2020-12-06 18:52:23
average,70.81,6.27,2020-12-06 19:02:33
average,70.81,6.27,2020-12-06 19:12:44
average,70.81,6.27,2020-12-06 19:22:54
average,70.81,6.31,2020-12-06 19:33:04
average,70.81,6.33,2020-12-06 19:43:15
average,70.79,6.32,2020-12-06 19:53:25
average,70.81,6.27,2020-12-06 20:03:36
average,70.81,6.32,2020-12-06 20:13:46
average,70.81,6.27,2020-12-06 20:23:56
average,70.81,6.24,2020-12-06 20:34:07
average,70.81,6.21,2020-12-06 20:44:17
average,70.81,6.31,2020-12-06 20:54:27
average,70.81,6.29,2020-12-06 21:04:38
average,70.81,6.28,2020-12-06 21:14:48
average,70.93,6.18,2020-12-06 21:24:59
average,70.81,6.3,2020-12-06 21:35:09
average,70.81,6.32,2020-12-06 21:45:19
average,70.81,6.27,2020-12-06 21:55:30
average,70.81,6.23,2020-12-06 22:05:40
average,70.93,6.29,2020-12-06 22:15:51
average,70.93,6.28,2020-12-06 22:26:01
average,70.81,6.24,2020-12-06 22:36:11
average,70.83,6.31,2020-12-06 22:46:22
average,70.86,6.28,2020-12-06 22:56:32
average,70.91,6.17,2020-12-06 23:06:43
average,70.81,6.15,2020-12-06 23:16:53
average,70.81,6.2,2020-12-06 23:27:03
average,70.81,6.18,2020-12-06 23:37:14
average,70.93,6.17,2020-12-06 23:47:24
average,70.91,6.17,2020-12-06 23:57:34
average,70.81,6.14,2020-12-07 00:07:45
average,70.81,6.18,2020-12-07 00:17:55
average,70.88,6.16,2020-12-07 00:28:06
average,70.81,6.18,2020-12-07 00:38:16
average,70.81,6.19,2020-12-07 00:48:26
average,70.81,6.16,2020-12-07 00:58:37
average,70.81,6.15,2020-12-07 01:08:47
average,70.77,6.17,2020-12-07 01:18:57
average,70.81,6.18,2020-12-07 01:29:08
average,70.81,6.16,2020-12-07 01:39:18
average,70.77,6.23,2020-12-07 01:49:29
average,70.81,6.18,2020-12-07 01:59:39
average,70.7,6.17,2020-12-07 02:09:49
average,70.7,6.17,2020-12-07 02:20:00
average,70.7,6.16,2020-12-07 02:30:10
average,70.7,6.17,2020-12-07 02:40:21
average,70.81,6.15,2020-12-07 02:50:31
average,70.7,6.18,2020-12-07 03:00:41
average,70.7,6.15,2020-12-07 03:10:52
average,70.7,6.14,2020-12-07 03:21:02
average,70.7,6.23,2020-12-07 03:31:13
average,70.7,6.21,2020-12-07 03:41:23
average,70.59,6.2,2020-12-07 03:51:33
average,70.68,6.24,2020-12-07 04:01:44
average,70.63,6.23,2020-12-07 04:11:54
average,70.59,6.17,2020-12-07 04:22:04
average,70.7,6.16,2020-12-07 04:32:15
average,70.59,6.16,2020-12-07 04:42:25
average,70.59,6.16,2020-12-07 04:52:36
average,70.61,6.17,2020-12-07 05:02:46
average,70.59,6.22,2020-12-07 05:12:56
average,70.59,6.13,2020-12-07 05:23:07
average,70.59,6.15,2020-12-07 05:33:17
average,70.49,6.06,2020-12-07 05:43:27
average,70.49,6.15,2020-12-07 05:53:38
average,70.47,6.15,2020-12-07 06:03:48
average,70.47,6.12,2020-12-07 06:13:59
average,70.47,6.2,2020-12-07 06:24:09
average,70.47,6.13,2020-12-07 06:34:19
average,70.54,6.11,2020-12-07 06:44:30
average,70.47,6.15,2020-12-07 06:54:40
average,70.47,6.1,2020-12-07 07:04:51
average,70.4,6.1,2020-12-07 07:15:01
average,70.45,6.06,2020-12-07 07:25:11
average,70.47,6.08,2020-12-07 07:35:22
average,70.36,6.1,2020-12-07 07:45:32
average,70.36,6.07,2020-12-07 07:55:43
average,70.36,6.11,2020-12-07 08:05:53
average,70.36,6.09,2020-12-07 08:16:03
average,70.36,6.06,2020-12-07 08:26:14
average,70.36,6.07,2020-12-07 08:36:24
average,70.36,6.05,2020-12-07 08:46:34
average,70.25,6.09,2020-12-07 08:56:45
average,70.25,6.08,2020-12-07 09:06:55
average,70.29,6.06,2020-12-07 09:17:06
average,70.25,6.08,2020-12-07 09:27:16
average,70.25,6.06,2020-12-07 09:37:26
average,70.14,6.03,2020-12-07 09:47:37
average,70.21,6.06,2020-12-07 09:57:47
average,70.25,6.07,2020-12-07 10:07:58
average,70.14,6.05,2020-12-07 10:18:08
average,70.25,6.04,2020-12-07 10:28:18
average,70.14,6.03,2020-12-07 10:38:29
average,70.14,6.02,2020-12-07 10:48:39
average,70.25,6.03,2020-12-07 10:58:50
average,70.14,6.03,2020-12-07 11:09:00
average,70.14,6.03,2020-12-07 11:19:10
average,70.14,6.03,2020-12-07 11:29:21
average,70.25,6.03,2020-12-07 11:39:31
average,70.25,6.03,2020-12-07 11:49:42
average,70.25,6.1,2020-12-07 11:59:52
average,70.32,6.03,2020-12-07 12:10:02
average,70.25,6.04,2020-12-07 12:20:13
average,70.29,6.08,2020-12-07 12:30:23
average,70.32,6.05,2020-12-07 12:40:34
average,70.36,6.05,2020-12-07 12:50:44
average,70.45,6.04,2020-12-07 13:00:55
average,70.36,6.06,2020-12-07 13:11:05
average,70.4,6.07,2020-12-07 13:21:15
average,70.43,6.06,2020-12-07 13:31:26
average,70.47,6.09,2020-12-07 13:41:36
average,70.59,6.06,2020-12-07 13:51:47
average,70.52,6.1,2020-12-07 14:01:57
average,70.59,6.07,2020-12-07 14:12:07
average,70.59,6.06,2020-12-07 14:22:18
average,70.63,6.08,2020-12-07 14:32:28
average,70.68,6.07,2020-12-07 14:42:39
average,70.7,6.04,2020-12-07 14:52:49
average,70.81,6.09,2020-12-07 15:03:00
average,70.81,6.1,2020-12-07 15:13:10
average,70.81,6.05,2020-12-07 15:23:20
average,70.81,6.06,2020-12-07 15:33:31
average,70.93,6.09,2020-12-07 15:43:41
average,70.93,6.12,2020-12-07 15:53:52
average,70.93,6.13,2020-12-07 16:04:02
average,70.93,6.1,2020-12-07 16:14:13
average,70.97,6.08,2020-12-07 16:24:23
average,71.04,6.07,2020-12-07 16:34:33
average,71.04,6.09,2020-12-07 16:44:44
average,71.04,6.09,2020-12-07 16:54:54
average,71.04,6.11,2020-12-07 17:05:05
average,71.04,6.1,2020-12-07 17:15:15
average,71.08,6.07,2020-12-07 17:25:26
average,71.04,6.09,2020-12-07 17:35:36
average,71.08,6.06,2020-12-07 17:45:46
average,71.04,6.11,2020-12-07 17:55:57
average,71.04,6.06,2020-12-07 18:06:07
average,71.04,6.04,2020-12-07 18:16:18
average,71.04,6.08,2020-12-07 18:26:28
average,71.04,6.05,2020-12-07 18:36:39
average,71.04,6.07,2020-12-07 18:46:49
average,71.04,6.05,2020-12-07 18:56:59
average,71,6.03,2020-12-07 19:07:10
average,71.04,6.02,2020-12-07 19:17:20
average,71,6.04,2020-12-07 19:27:31
average,70.95,6.03,2020-12-07 19:37:41
average,71.02,6.01,2020-12-07 19:47:52
average,70.93,6.02,2020-12-07 19:58:02
average,70.93,6,2020-12-07 20:08:12
average,70.81,6,2020-12-07 20:18:23
average,70.77,6,2020-12-07 20:28:33
average,70.7,6,2020-12-07 20:38:44
average,70.72,6,2020-12-07 20:48:54
average,70.7,6,2020-12-07 20:59:05
average,70.7,6,2020-12-07 21:09:15
average,70.63,6,2020-12-07 21:19:25
average,70.63,6,2020-12-07 21:29:36
average,70.7,6,2020-12-07 21:39:46
average,70.59,6,2020-12-07 21:49:57
average,70.59,6,2020-12-07 22:00:07
average,70.68,6,2020-12-07 22:10:18
average,70.59,6,2020-12-07 22:20:28
average,70.59,6,2020-12-07 22:30:38
average,70.59,6,2020-12-07 22:40:49
average,70.59,6,2020-12-07 22:50:59
average,70.59,6,2020-12-07 23:01:10
average,70.59,6,2020-12-07 23:11:20
average,70.59,6,2020-12-07 23:21:30
average,70.59,6,2020-12-07 23:31:41
average,70.59,6,2020-12-07 23:41:51
average,70.57,6,2020-12-07 23:52:02
average,70.59,6,2020-12-08 00:02:12
average,70.59,6,2020-12-08 00:12:23
average,70.59,6,2020-12-08 00:22:33
average,70.59,6,2020-12-08 00:32:43
average,70.47,6,2020-12-08 00:42:54
average,70.52,6,2020-12-08 00:53:04
average,70.47,6,2020-12-08 01:03:15
average,70.47,6,2020-12-08 01:13:25
average,70.57,6,2020-12-08 01:23:36
average,70.47,6,2020-12-08 01:33:46
average,70.47,6,2020-12-08 01:43:56
average,70.47,6,2020-12-08 01:54:07
average,70.49,6,2020-12-08 02:04:17
average,70.43,6,2020-12-08 02:14:28
average,70.47,6,2020-12-08 02:24:38
average,70.36,6,2020-12-08 02:34:49
average,70.36,6,2020-12-08 02:44:59
average,70.47,6,2020-12-08 02:55:09
average,70.38,8.97,2020-12-08 03:05:20
average,70.47,8.23,2020-12-08 03:15:30
average,70.36,6,2020-12-08 03:25:41
average,70.38,6,2020-12-08 03:35:51
average,70.36,6,2020-12-08 03:46:02
average,70.36,6,2020-12-08 03:56:12
average,70.47,6,2020-12-08 04:06:22
average,70.36,6,2020-12-08 04:16:33
average,70.36,6,2020-12-08 04:26:43
average,70.36,6,2020-12-08 04:36:54
average,70.36,6,2020-12-08 04:47:04
average,70.36,6,2020-12-08 04:57:15
average,70.36,6,2020-12-08 05:07:25
average,70.36,6,2020-12-08 05:17:35
average,70.36,6,2020-12-08 05:27:46
average,70.36,6,2020-12-08 05:37:56
average,70.34,6,2020-12-08 05:48:07
average,70.36,9.74,2020-12-08 05:58:17
average,70.36,9.53,2020-12-08 06:08:28
average,70.34,6,2020-12-08 06:18:38
average,70.36,6,2020-12-08 06:28:48
average,70.34,6,2020-12-08 06:38:59
average,70.36,6,2020-12-08 06:49:09
average,70.29,6,2020-12-08 06:59:20
average,70.36,6,2020-12-08 07:09:30
average,70.36,6,2020-12-08 07:19:41
average,70.34,6,2020-12-08 07:29:51
average,70.36,6,2020-12-08 07:40:01
average,70.34,6,2020-12-08 07:50:12
average,70.29,6,2020-12-08 08:00:22
average,70.36,6,2020-12-08 08:10:33
average,70.25,6,2020-12-08 08:20:43
average,70.27,6,2020-12-08 08:30:54
average,70.25,6,2020-12-08 08:41:04
average,70.25,6,2020-12-08 08:51:14
average,70.25,6,2020-12-08 09:01:25
average,70.14,6,2020-12-08 09:11:35
average,70.14,6,2020-12-08 09:21:46
average,70.14,10.1,2020-12-08 09:31:56
average,70.14,9.19,2020-12-08 09:42:06
average,70.14,6,2020-12-08 09:52:17
average,70.14,6,2020-12-08 10:02:27
average,70.14,6,2020-12-08 10:12:38
average,70.14,6,2020-12-08 10:22:48
average,70.14,6,2020-12-08 10:32:59
average,70.14,6,2020-12-08 10:43:09
average,70.14,6,2020-12-08 10:53:19
average,70.14,6,2020-12-08 11:03:30
average,70.14,6,2020-12-08 11:13:40
average,70.14,6,2020-12-08 11:23:51
average,70.14,6,2020-12-08 11:34:01
average,70.14,6,2020-12-08 11:44:12
average,70.14,6,2020-12-08 11:54:22
average,70.14,6,2020-12-08 12:04:32
average,70.14,6,2020-12-08 12:14:43
average,70.14,6,2020-12-08 12:24:53
average,70.14,6,2020-12-08 12:35:04
average,70.14,6,2020-12-08 12:45:14
average,70.25,6,2020-12-08 12:55:25
average,70.14,6,2020-12-08 13:05:35
average,70.25,6,2020-12-08 13:15:45
average,70.36,6,2020-12-08 13:25:56
average,70.25,6,2020-12-08 13:36:06
average,70.36,6,2020-12-08 13:46:17
average,70.36,6,2020-12-08 13:56:27
average,70.36,6,2020-12-08 14:06:38
average,70.47,6,2020-12-08 14:16:48
average,70.47,6,2020-12-08 14:26:58
average,70.47,6,2020-12-08 14:37:09
average,70.59,6,2020-12-08 14:47:19
average,70.59,6,2020-12-08 14:57:30
average,70.59,6,2020-12-08 15:07:40
average,70.59,6,2020-12-08 15:17:51
average,70.61,6,2020-12-08 15:28:01
average,70.7,6,2020-12-08 15:38:11
average,70.7,6,2020-12-08 15:48:22
average,70.7,6,2020-12-08 15:58:32
average,70.7,6,2020-12-08 16:08:43
average,70.7,6,2020-12-08 16:18:53
average,70.81,6,2020-12-08 16:29:04
average,70.72,6,2020-12-08 16:39:14
average,70.81,6,2020-12-08 16:49:24
average,70.81,6,2020-12-08 16:59:35
average,70.79,6,2020-12-08 17:09:45
average,70.81,6,2020-12-08 17:19:56
average,70.81,6,2020-12-08 17:30:06
average,70.81,6,2020-12-08 17:40:17
average,70.88,6,2020-12-08 17:50:27
average,70.81,6,2020-12-08 18:00:37
average,70.81,6,2020-12-08 18:10:48
average,70.79,6,2020-12-08 18:20:58
average,70.81,6,2020-12-08 18:31:09
average,70.83,6,2020-12-08 18:41:19
average,70.81,6,2020-12-08 18:51:29
average,70.81,6,2020-12-08 19:01:40
average,70.81,6,2020-12-08 19:11:50
average,70.81,6,2020-12-08 19:22:01
average,70.81,6,2020-12-08 19:32:11
average,70.81,6,2020-12-08 19:42:22
average,70.81,6,2020-12-08 19:52:32
average,70.81,6,2020-12-08 20:02:42
average,70.74,9.19,2020-12-08 20:12:53
average,70.81,6,2020-12-08 20:23:03
average,70.72,6,2020-12-08 20:33:14
average,70.74,6,2020-12-08 20:43:24
average,70.81,6,2020-12-08 20:53:35
average,70.74,6,2020-12-08 21:03:45
average,70.81,6,2020-12-08 21:13:55
average,70.7,6,2020-12-08 21:24:06
average,70.7,6,2020-12-08 21:34:16
average,70.81,6,2020-12-08 21:44:27
average,70.7,6,2020-12-08 21:54:37
average,70.72,6,2020-12-08 22:04:48
average,70.7,6,2020-12-08 22:14:58
average,70.7,6,2020-12-08 22:25:08
average,70.81,6,2020-12-08 22:35:19
average,70.7,6,2020-12-08 22:45:29
average,70.7,6,2020-12-08 22:55:40
average,70.7,6,2020-12-08 23:05:50
average,70.7,6,2020-12-08 23:16:01
average,70.81,6,2020-12-08 23:26:11
average,70.7,6,2020-12-08 23:36:21
average,70.7,6,2020-12-08 23:46:32
average,70.59,6,2020-12-08 23:56:42
average,70.61,6,2020-12-09 00:06:53
average,70.7,6,2020-12-09 00:17:03
average,70.59,6,2020-12-09 00:27:14
average,70.59,6,2020-12-09 00:37:24
average,70.59,6,2020-12-09 00:47:34
average,70.59,6,2020-12-09 00:57:45
average,70.59,6,2020-12-09 01:07:55
average,70.47,6,2020-12-09 01:18:06
average,70.57,6,2020-12-09 01:28:16
average,70.49,6,2020-12-09 01:38:27
average,70.47,6,2020-12-09 01:48:37
average,70.52,6,2020-12-09 01:58:47
average,70.47,6,2020-12-09 02:08:58
average,70.47,6,2020-12-09 02:19:08
average,70.47,6,2020-12-09 02:29:19
average,70.43,6,2020-12-09 02:39:29
average,70.47,6,2020-12-09 02:49:40
average,70.36,6,2020-12-09 02:59:50
average,70.36,6,2020-12-09 03:10:00
average,70.36,6,2020-12-09 03:20:11
average,70.36,6,2020-12-09 03:30:21
average,70.38,6,2020-12-09 03:40:32
average,70.36,6,2020-12-09 03:50:42
average,70.36,6,2020-12-09 04:00:52
average,70.36,6,2020-12-09 04:11:03
average,70.36,6,2020-12-09 04:21:13
average,70.36,6,2020-12-09 04:31:24
average,70.25,6,2020-12-09 04:41:34
average,70.27,6,2020-12-09 04:51:45
average,70.36,6,2020-12-09 05:01:55
average,70.25,6,2020-12-09 05:12:05
average,70.25,6,2020-12-09 05:22:16
average,70.25,6,2020-12-09 05:32:26
average,70.25,6,2020-12-09 05:42:37
average,70.34,6,2020-12-09 05:52:47
average,70.25,6,2020-12-09 06:02:58
average,70.25,6,2020-12-09 06:13:08
average,70.25,6,2020-12-09 06:23:18
average,70.25,6,2020-12-09 06:33:29
average,70.25,6,2020-12-09 06:43:39
average,70.25,6,2020-12-09 06:53:50
average,70.25,6,2020-12-09 07:04:00
average,70.25,6,2020-12-09 07:14:11
average,70.25,6,2020-12-09 07:24:21
average,70.25,6,2020-12-09 07:34:31
average,70.25,6,2020-12-09 07:44:42
average,70.25,6,2020-12-09 07:54:52
average,70.34,6,2020-12-09 08:05:03
average,70.25,6,2020-12-09 08:15:13
average,70.25,6,2020-12-09 08:25:24
average,70.25,6,2020-12-09 08:35:34
average,70.25,6,2020-12-09 08:45:44
average,70.36,6,2020-12-09 08:55:55
average,70.25,6,2020-12-09 09:06:05
average,70.36,6,2020-12-09 09:16:16
average,70.29,6,2020-12-09 09:26:26
average,70.36,6,2020-12-09 09:36:37
average,70.36,6,2020-12-09 09:46:47
average,70.36,6,2020-12-09 09:56:57
average,70.36,6,2020-12-09 10:07:08
average,70.36,6,2020-12-09 10:17:18
average,70.36,6,2020-12-09 10:27:29
average,70.47,6,2020-12-09 10:37:39
average,70.36,6,2020-12-09 10:47:50
average,70.47,6,2020-12-09 10:58:00
average,70.36,6,2020-12-09 11:08:10
average,70.43,6,2020-12-09 11:18:21
average,70.4,6,2020-12-09 11:28:31
average,70.47,6,2020-12-09 11:38:42
average,70.47,6,2020-12-09 11:48:52
average,70.47,6,2020-12-09 11:59:02
average,70.47,6,2020-12-09 12:09:13
average,70.47,6,2020-12-09 12:19:23
average,70.47,6,2020-12-09 12:29:34
average,70.45,6,2020-12-09 12:39:44
average,70.47,6,2020-12-09 12:49:55
average,70.47,6,2020-12-09 13:00:05
average,70.47,6,2020-12-09 13:10:15
average,70.47,6,2020-12-09 13:20:26
average,70.36,6,2020-12-09 13:30:36
average,70.36,6,2020-12-09 13:40:47
average,70.47,6,2020-12-09 13:50:57
average,70.36,6,2020-12-09 14:01:08
average,70.36,6,2020-12-09 14:11:18
average,70.36,6,2020-12-09 14:21:28
average,70.34,6,2020-12-09 14:31:39
average,70.25,6,2020-12-09 14:41:49
average,70.14,6,2020-12-09 14:52:00
average,70.14,6,2020-12-09 15:02:10
average,70.12,6,2020-12-09 15:12:21
average,70.02,6,2020-12-09 15:22:31
average,70.14,6,2020-12-09 15:32:41
average,70.02,10.3,2020-12-09 15:42:52
average,70.02,6,2020-12-09 15:53:02
average,69.91,6,2020-12-09 16:03:13
average,69.91,6,2020-12-09 16:13:23
average,69.98,6,2020-12-09 16:23:34
average,69.91,6,2020-12-09 16:33:44
average,69.91,6,2020-12-09 16:43:54
average,69.91,6,2020-12-09 16:54:05
average,69.8,6,2020-12-09 17:04:15
average,69.84,6,2020-12-09 17:14:26
average,69.8,6,2020-12-09 17:24:36
average,69.8,6,2020-12-09 17:34:47
average,69.8,6,2020-12-09 17:44:57
average,69.8,6,2020-12-09 17:55:07
average,69.71,6,2020-12-09 18:05:18
average,69.69,6,2020-12-09 18:15:28
average,69.8,6,2020-12-09 18:25:39
average,69.69,6,2020-12-09 18:35:49
average,69.76,6,2020-12-09 18:46:00
average,69.69,6,2020-12-09 18:56:10
average,69.69,6,2020-12-09 19:06:20
average,69.59,6,2020-12-09 19:16:31
average,69.57,6,2020-12-09 19:26:41
average,69.69,6,2020-12-09 19:36:52
average,69.57,6,2020-12-09 19:47:02
average,69.57,6,2020-12-09 19:57:13
average,69.57,6,2020-12-09 20:07:23
average,69.48,6,2020-12-09 20:17:33
average,69.53,6,2020-12-09 20:27:44
average,69.46,6,2020-12-09 20:37:54
average,69.57,6,2020-12-09 20:48:05
average,69.46,6,2020-12-09 20:58:15
average,69.46,6,2020-12-09 21:08:25
average,69.5,6,2020-12-09 21:18:36
average,69.42,6,2020-12-09 21:28:46
average,69.46,6,2020-12-09 21:38:57
average,69.46,6,2020-12-09 21:49:07
average,69.35,6,2020-12-09 21:59:18
average,69.37,6,2020-12-09 22:09:28
average,69.35,6,2020-12-09 22:19:38
average,69.35,6,2020-12-09 22:29:49
average,69.35,6,2020-12-09 22:39:59
average,69.24,6,2020-12-09 22:50:10
average,69.24,6,2020-12-09 23:00:20
average,69.24,6,2020-12-09 23:10:31
average,69.24,6,2020-12-09 23:20:41
average,69.24,6,2020-12-09 23:30:51
average,69.12,6,2020-12-09 23:41:02
average,69.12,6,2020-12-09 23:51:12
average,69.12,6,2020-12-10 00:01:23
average,69.12,6,2020-12-10 00:11:33
average,69.01,6,2020-12-10 00:21:44
average,69.01,6,2020-12-10 00:31:54
average,69.01,6,2020-12-10 00:42:04
average,68.99,6,2020-12-10 00:52:15
average,68.97,6,2020-12-10 01:02:25
average,69.01,6,2020-12-10 01:12:36
average,68.9,6,2020-12-10 01:22:46
average,68.9,6,2020-12-10 01:32:57
average,68.9,6,2020-12-10 01:43:07
average,68.9,6,2020-12-10 01:53:17
average,68.9,6,2020-12-10 02:03:28
average,68.79,6,2020-12-10 02:13:38
average,68.79,6,2020-12-10 02:23:49
average,68.9,6,2020-12-10 02:33:59
average,68.79,6,2020-12-10 02:44:09
average,68.79,6,2020-12-10 02:54:20
average,68.79,6,2020-12-10 03:04:30
average,68.68,6,2020-12-10 03:14:41
average,68.68,6,2020-12-10 03:24:51
average,68.79,6,2020-12-10 03:35:02
average,68.68,6,2020-12-10 03:45:12
average,68.68,6,2020-12-10 03:55:22
average,68.66,6,2020-12-10 04:05:33
average,68.68,6,2020-12-10 04:15:43
average,68.68,6,2020-12-10 04:25:54
average,68.56,6,2020-12-10 04:36:04
average,68.66,6,2020-12-10 04:46:15
average,68.56,6,2020-12-10 04:56:25
average,68.56,6,2020-12-10 05:06:35
average,68.68,6,2020-12-10 05:16:46
average,68.56,6,2020-12-10 05:26:56
average,68.56,6,2020-12-10 05:37:07
average,68.56,6,2020-12-10 05:47:17
average,68.56,6,2020-12-10 05:57:28
average,68.56,6,2020-12-10 06:07:38
average,68.56,6,2020-12-10 06:17:48
average,68.58,6,2020-12-10 06:27:59
average,68.54,6,2020-12-10 06:38:09
average,68.56,6,2020-12-10 06:48:20
average,68.56,6,2020-12-10 06:58:30
average,68.56,6,2020-12-10 07:08:41
average,68.56,6,2020-12-10 07:18:51
average,68.47,6,2020-12-10 07:29:01
average,68.56,6,2020-12-10 07:39:12
average,68.45,6,2020-12-10 07:49:22
average,68.34,6,2020-12-10 07:59:33
average,68.32,6,2020-12-10 08:09:43
average,68.29,6,2020-12-10 08:19:53
average,68.22,6,2020-12-10 08:30:04
average,68.27,6,2020-12-10 08:40:14
average,68.22,6,2020-12-10 08:50:25
average,68.22,6,2020-12-10 09:00:35
average,68.27,6,2020-12-10 09:10:46
average,68.22,6,2020-12-10 09:20:56
average,68.24,6,2020-12-10 09:31:06
average,68.22,6,2020-12-10 09:41:17
average,68.22,6,2020-12-10 09:51:27
average,68.34,6,2020-12-10 10:01:38
average,68.24,6,2020-12-10 10:11:48
average,68.34,6,2020-12-10 10:21:59
average,68.34,6,2020-12-10 10:32:09
average,68.32,6,2020-12-10 10:42:19
average,68.34,6,2020-12-10 10:52:30
average,68.34,6,2020-12-10 11:02:40
average,68.34,6,2020-12-10 11:12:51
average,68.45,6,2020-12-10 11:23:01
average,68.34,6,2020-12-10 11:33:12
average,68.45,6,2020-12-10 11:43:22
average,68.45,6,2020-12-10 11:53:32
average,68.45,6,2020-12-10 12:03:43
average,68.56,6,2020-12-10 12:13:53
average,68.56,6,2020-12-10 12:24:04
average,68.56,6,2020-12-10 12:34:14
average,68.66,6,2020-12-10 12:44:24
average,68.68,6,2020-12-10 12:54:35
average,68.79,6,2020-12-10 13:04:45
average,68.79,6,2020-12-10 13:14:56
average,68.79,6,2020-12-10 13:25:06
average,68.9,6,2020-12-10 13:35:17
average,68.9,6,2020-12-10 13:45:27
average,69.01,6,2020-12-10 13:55:37
average,69.01,6,2020-12-10 14:05:48
average,69.12,6,2020-12-10 14:15:58
average,69.24,6,2020-12-10 14:26:09
average,69.19,6,2020-12-10 14:36:19
average,69.24,6,2020-12-10 14:46:30
average,69.28,6,2020-12-10 14:56:40
average,69.35,6,2020-12-10 15:06:50
average,69.37,6,2020-12-10 15:17:01
average,69.46,6,2020-12-10 15:27:11
average,69.57,6,2020-12-10 15:37:22
average,69.55,6,2020-12-10 15:47:32
average,69.57,6,2020-12-10 15:57:43
average,69.69,6,2020-12-10 16:07:53
average,69.69,6,2020-12-10 16:18:03
average,69.69,6,2020-12-10 16:28:14
average,69.69,6,2020-12-10 16:38:24
average,69.69,6,2020-12-10 16:48:35
average,69.69,6,2020-12-10 16:58:45
average,69.8,6,2020-12-10 17:08:56
average,69.8,6,2020-12-10 17:19:06
average,69.8,6,2020-12-10 17:29:16
average,69.8,6,2020-12-10 17:39:27
average,69.82,6,2020-12-10 17:49:37
average,69.8,6,2020-12-10 17:59:48
average,69.91,6,2020-12-10 18:09:58
average,69.91,6,2020-12-10 18:20:09
average,69.87,6,2020-12-10 18:30:19
average,69.91,6,2020-12-10 18:40:29
average,69.91,6,2020-12-10 18:50:40
average,69.87,6,2020-12-10 19:00:50
average,69.91,6,2020-12-10 19:11:01
average,69.87,6,2020-12-10 19:21:11
average,69.89,6,2020-12-10 19:31:22
average,69.91,6,2020-12-10 19:41:32
average,69.8,6,2020-12-10 19:51:42
average,69.87,6,2020-12-10 20:01:53
average,69.8,6,2020-12-10 20:12:03
average,69.8,6,2020-12-10 20:22:14
average,69.91,6,2020-12-10 20:32:24
average,69.8,6,2020-12-10 20:42:34
average,69.82,6,2020-12-10 20:52:45
average,69.8,6,2020-12-10 21:02:55
average,69.8,6,2020-12-10 21:13:06
average,69.8,6,2020-12-10 21:23:16
average,69.78,6,2020-12-10 21:33:27
average,69.8,6,2020-12-10 21:43:37
average,69.71,6,2020-12-10 21:53:47
average,69.8,6,2020-12-10 22:03:58
average,69.69,6,2020-12-10 22:14:08
average,69.69,6,2020-12-10 22:24:19
average,69.69,6,2020-12-10 22:34:29
average,69.69,6,2020-12-10 22:44:40
average,69.69,6,2020-12-10 22:54:50
average,69.64,6,2020-12-10 23:05:00
average,69.69,6,2020-12-10 23:15:11
average,69.57,6,2020-12-10 23:25:21
average,69.57,6,2020-12-10 23:35:32
average,69.59,6,2020-12-10 23:45:42
average,69.48,6,2020-12-10 23:55:53
average,69.46,6,2020-12-11 00:06:03
average,69.55,6,2020-12-11 00:16:13
average,69.44,6,2020-12-11 00:26:24
average,69.44,6,2020-12-11 00:36:34
average,69.46,6,2020-12-11 00:46:45
average,69.35,6,2020-12-11 00:56:55
average,69.35,6,2020-12-11 01:07:06
average,69.24,6,2020-12-11 01:17:16
average,69.24,6,2020-12-11 01:27:26
average,69.24,6,2020-12-11 01:37:37
average,69.24,6,2020-12-11 01:47:47
average,69.12,6,2020-12-11 01:57:58
average,69.12,6,2020-12-11 02:08:08
average,69.12,6,2020-12-11 02:18:19
average,69.01,6,2020-12-11 02:28:29
average,69.01,6,2020-12-11 02:38:39
average,68.97,6,2020-12-11 02:48:50
average,68.97,6,2020-12-11 02:59:00
average,69.01,6,2020-12-11 03:09:11
average,68.9,6,2020-12-11 03:19:21
average,68.9,6,2020-12-11 03:29:32
average,68.79,6,2020-12-11 03:39:42
average,68.79,6,2020-12-11 03:49:52
average,68.79,6,2020-12-11 04:00:03
average,68.68,6,2020-12-11 04:10:13
average,68.68,6,2020-12-11 04:20:24
average,68.68,6,2020-12-11 04:30:34
average,68.68,6,2020-12-11 04:40:44
average,68.68,6,2020-12-11 04:50:55
average,68.56,6,2020-12-11 05:01:05
average,68.56,6,2020-12-11 05:11:16
average,68.49,6,2020-12-11 05:21:26
average,68.49,6.71,2020-12-11 05:31:37
average,68.56,6,2020-12-11 05:41:47
average,68.45,6,2020-12-11 05:51:57
average,68.45,6,2020-12-11 06:02:08
average,68.34,6,2020-12-11 06:12:18
average,68.34,6,2020-12-11 06:22:29
average,68.43,6,2020-12-11 06:32:39
average,68.34,6,2020-12-11 06:42:50
average,68.34,6,2020-12-11 06:53:00
average,68.22,6,2020-12-11 07:03:10
average,68.22,6,2020-12-11 07:13:21
average,68.34,6,2020-12-11 07:23:31
average,68.22,6,2020-12-11 07:33:42
average,68.22,6,2020-12-11 07:43:52
average,68.22,6,2020-12-11 07:54:03
average,68.22,6,2020-12-11 08:04:13
average,68.22,6,2020-12-11 08:14:23
average,68.11,6,2020-12-11 08:24:34
average,68.15,6,2020-12-11 08:34:44
average,68.22,6,2020-12-11 08:44:55
average,68.11,6,2020-12-11 08:55:05
average,68.2,6,2020-12-11 09:05:15
average,68.11,6,2020-12-11 09:15:26
average,68.11,6,2020-12-11 09:25:36
average,68.2,6,2020-12-11 09:35:47
average,68.11,6,2020-12-11 09:45:57
average,68.11,6,2020-12-11 09:56:08
average,68.22,6,2020-12-11 10:06:18
average,68.13,6,2020-12-11 10:16:28
average,68.2,6,2020-12-11 10:26:39
average,68.22,6,2020-12-11 10:36:49
average,68.22,6,2020-12-11 10:47:00
average,68.22,6,2020-12-11 10:57:10
average,68.34,6,2020-12-11 11:07:21
average,68.22,6,2020-12-11 11:17:31
average,68.32,6,2020-12-11 11:27:41
average,68.34,6,2020-12-11 11:37:52
average,68.34,6,2020-12-11 11:48:02
average,68.45,6,2020-12-11 11:58:13
average,68.45,6,2020-12-11 12:08:23
average,68.45,6,2020-12-11 12:18:34
average,68.56,6,2020-12-11 12:28:44
average,68.56,6,2020-12-11 12:38:54
average,68.66,6,2020-12-11 12:49:05
average,68.79,6,2020-12-11 12:59:15
average,68.77,6,2020-12-11 13:09:26
average,68.83,6,2020-12-11 13:19:36
average,68.9,6,2020-12-11 13:29:47
average,68.94,6,2020-12-11 13:39:57
average,69.12,6,2020-12-11 13:50:07
average,69.08,6,2020-12-11 14:00:18
average,69.14,6,2020-12-11 14:10:28
average,69.24,6,2020-12-11 14:20:39
average,69.35,6,2020-12-11 14:30:49
average,69.46,6,2020-12-11 14:40:59
average,69.46,6,2020-12-11 14:51:10
average,69.57,6,2020-12-11 15:01:20
average,69.57,6,2020-12-11 15:11:31
average,69.69,6,2020-12-11 15:21:41
average,69.78,6.04,2020-12-11 15:31:52
average,69.91,6.19,2020-12-11 15:42:02
average,69.93,6.25,2020-12-11 15:52:13
average,70.14,6.29,2020-12-11 16:02:23
average,70.14,6.28,2020-12-11 16:12:33
average,70.25,6.33,2020-12-11 16:22:44
average,70.27,6.15,2020-12-11 16:32:54
average,70.36,6.18,2020-12-11 16:43:05
average,70.36,6.24,2020-12-11 16:53:15
average,70.47,6.26,2020-12-11 17:03:25
average,70.47,6.24,2020-12-11 17:13:36
average,70.59,6.24,2020-12-11 17:23:46
average,70.59,6.23,2020-12-11 17:33:57
average,70.7,6.23,2020-12-11 17:44:07
average,70.7,6.23,2020-12-11 17:54:18
average,70.77,6.26,2020-12-11 18:04:28
average,70.81,6.24,2020-12-11 18:14:38
average,70.81,6.27,2020-12-11 18:24:49
average,70.81,6.26,2020-12-11 18:34:59
average,70.93,6.27,2020-12-11 18:45:10
average,70.93,6.27,2020-12-11 18:55:20
average,71.02,6.27,2020-12-11 19:05:31
average,70.93,6.27,2020-12-11 19:15:41
average,71.04,6.27,2020-12-11 19:25:51
average,71.04,6.26,2020-12-11 19:36:02
average,71.04,6.26,2020-12-11 19:46:12
average,71.04,6.27,2020-12-11 19:56:23
average,71.11,6.27,2020-12-11 20:06:33
average,71.06,6.26,2020-12-11 20:16:44
average,71.15,6.27,2020-12-11 20:26:54
average,71.15,6.27,2020-12-11 20:37:04
average,71.15,6.26,2020-12-11 20:47:15
average,71.15,6.28,2020-12-11 20:57:25
average,71.15,6.28,2020-12-11 21:07:36
average,71.26,6.29,2020-12-11 21:17:46
average,71.15,6.28,2020-12-11 21:27:57
average,71.26,6.27,2020-12-11 21:38:07
average,71.19,6.27,2020-12-11 21:48:17
average,71.26,6.2,2020-12-11 21:58:28
average,71.15,6.34,2020-12-11 22:08:38
average,71.22,6.34,2020-12-11 22:18:49
average,71.15,6.32,2020-12-11 22:28:59
average,71.19,6.32,2020-12-11 22:39:10
average,71.15,6.28,2020-12-11 22:49:20
average,71.24,6.29,2020-12-11 22:59:30
average,71.26,6.29,2020-12-11 23:09:41
average,71.17,6.28,2020-12-11 23:19:51
average,71.26,6.28,2020-12-11 23:30:02
average,71.15,6.28,2020-12-11 23:40:12
average,71.17,6.28,2020-12-11 23:50:23
average,71.15,6.27,2020-12-12 00:00:33
average,71.17,6.27,2020-12-12 00:10:43
average,71.15,6.27,2020-12-12 00:20:54
average,71.15,6.27,2020-12-12 00:31:04
average,71.17,6.27,2020-12-12 00:41:15
average,71.15,6.28,2020-12-12 00:51:25
average,71.22,6.27,2020-12-12 01:01:36
average,71.15,6.27,2020-12-12 01:11:46
average,71.17,6.25,2020-12-12 01:21:56
average,71.15,6.27,2020-12-12 01:32:07
average,71.22,6.28,2020-12-12 01:42:17
average,71.15,6.25,2020-12-12 01:52:28
average,71.15,6.27,2020-12-12 02:02:38
average,71.15,6.26,2020-12-12 02:12:49
average,71.15,6.27,2020-12-12 02:22:59
average,71.15,6.27,2020-12-12 02:33:09
average,71.13,6.26,2020-12-12 02:43:20
average,71.15,6.27,2020-12-12 02:53:30
average,71.06,6.25,2020-12-12 03:03:41
average,71.11,6.24,2020-12-12 03:13:51
average,71.04,6.24,2020-12-12 03:24:01
average,71.04,6.25,2020-12-12 03:34:12
average,71.04,6.23,2020-12-12 03:44:22
average,71.04,6.25,2020-12-12 03:54:33
average,71.13,6.22,2020-12-12 04:04:43
average,71.04,6.22,2020-12-12 04:14:54
average,71.04,6.25,2020-12-12 04:25:04
average,70.97,6.25,2020-12-12 04:35:14
average,71.04,6.23,2020-12-12 04:45:25
average,70.93,6.22,2020-12-12 04:55:35
average,70.95,6.22,2020-12-12 05:05:46
average,71.04,6.21,2020-12-12 05:15:56
average,70.93,6.22,2020-12-12 05:26:07
average,70.95,6.23,2020-12-12 05:36:17
average,70.93,6.23,2020-12-12 05:46:27
average,70.93,6.23,2020-12-12 05:56:38
average,70.93,6.23,2020-12-12 06:06:48
average,70.93,6.23,2020-12-12 06:16:59
average,70.93,6.25,2020-12-12 06:27:09
average,70.91,6.24,2020-12-12 06:37:20
average,70.93,6.27,2020-12-12 06:47:30
average,70.93,6.26,2020-12-12 06:57:40
average,70.93,6.26,2020-12-12 07:07:51
average,70.93,6.28,2020-12-12 07:18:01
average,70.88,6.27,2020-12-12 07:28:12
average,70.93,6.29,2020-12-12 07:38:22
average,70.93,6.29,2020-12-12 07:48:33
average,70.91,6.31,2020-12-12 07:58:43
average,70.93,6.33,2020-12-12 08:08:53
average,70.91,6.32,2020-12-12 08:19:04
average,70.93,6.34,2020-12-12 08:29:14
average,70.91,6.35,2020-12-12 08:39:25
average,70.93,6.38,2020-12-12 08:49:35
average,70.93,6.39,2020-12-12 08:59:46
average,70.93,6.41,2020-12-12 09:09:56
average,70.93,6.41,2020-12-12 09:20:06
average,70.93,6.43,2020-12-12 09:30:17
average,70.93,6.45,2020-12-12 09:40:27
average,70.93,6.48,2020-12-12 09:50:38
average,71.02,6.48,2020-12-12 10:00:48
average,71.04,6.51,2020-12-12 10:10:59
average,71.04,6.53,2020-12-12 10:21:09
average,71.04,6.55,2020-12-12 10:31:19
average,71.04,6.57,2020-12-12 10:41:30
average,71.08,6.59,2020-12-12 10:51:40
average,71.04,6.61,2020-12-12 11:01:51
average,71.15,6.63,2020-12-12 11:12:01
average,71.15,6.66,2020-12-12 11:22:12
average,71.15,6.7,2020-12-12 11:32:22
average,71.15,6.75,2020-12-12 11:42:32
average,71.26,6.78,2020-12-12 11:52:43
average,71.26,6.73,2020-12-12 12:02:53
average,71.26,6.75,2020-12-12 12:13:04
average,71.26,6.78,2020-12-12 12:23:14
average,71.37,6.82,2020-12-12 12:33:25
average,71.37,7.7,2020-12-12 12:43:35
average,71.37,9.56,2020-12-12 12:53:45
average,71.37,9.27,2020-12-12 13:03:56
average,71.49,8.58,2020-12-12 13:14:06
average,71.49,8.16,2020-12-12 13:24:17
average,71.6,8.24,2020-12-12 13:34:27
average,71.6,8.15,2020-12-12 13:44:38
average,71.71,7.95,2020-12-12 13:54:48
average,71.71,8.04,2020-12-12 14:04:58
average,71.71,7.92,2020-12-12 14:15:09
average,71.75,7.86,2020-12-12 14:25:19
average,71.82,7.82,2020-12-12 14:35:30
average,71.82,7.84,2020-12-12 14:45:40
average,71.92,7.84,2020-12-12 14:55:51
average,71.94,7.92,2020-12-12 15:06:01
average,71.96,7.88,2020-12-12 15:16:11
average,72.05,7.84,2020-12-12 15:26:22
average,72.05,7.92,2020-12-12 15:36:32
average,72.16,7.98,2020-12-12 15:46:43
average,72.16,7.92,2020-12-12 15:56:53
average,72.27,8.2,2020-12-12 16:07:04
average,72.27,8.04,2020-12-12 16:17:14
average,72.39,8.01,2020-12-12 16:27:24
average,72.39,8.04,2020-12-12 16:37:35
average,72.39,8.05,2020-12-12 16:47:45
average,72.41,8.06,2020-12-12 16:57:56
average,72.46,8.11,2020-12-12 17:08:06
average,72.5,8.04,2020-12-12 17:18:17
average,72.5,8.06,2020-12-12 17:28:27
average,72.59,8.08,2020-12-12 17:38:37
average,72.57,8.1,2020-12-12 17:48:48
average,72.61,8.1,2020-12-12 17:58:58
average,72.61,8.1,2020-12-12 18:09:09
average,72.7,8.08,2020-12-12 18:19:19
average,72.7,7.94,2020-12-12 18:29:30
average,72.72,8.09,2020-12-12 18:39:40
average,72.72,8.09,2020-12-12 18:49:50
average,72.77,8.1,2020-12-12 19:00:01
average,72.72,8.19,2020-12-12 19:10:11
average,72.84,8.37,2020-12-12 19:20:22
average,72.79,8.3,2020-12-12 19:30:32
average,72.84,8.29,2020-12-12 19:40:43
average,72.84,8.23,2020-12-12 19:50:53
average,72.95,8.25,2020-12-12 20:01:03
average,72.86,8.21,2020-12-12 20:11:14
average,72.95,8.22,2020-12-12 20:21:24
average,72.95,8.2,2020-12-12 20:31:35
average,73.06,8.19,2020-12-12 20:41:45
average,72.95,8.16,2020-12-12 20:51:56
average,73.06,8.16,2020-12-12 21:02:06
average,72.97,8.13,2020-12-12 21:12:16
average,73.06,8.12,2020-12-12 21:22:27
average,73.06,8.11,2020-12-12 21:32:37
average,73.06,8.13,2020-12-12 21:42:48
average,73.06,8.1,2020-12-12 21:52:58
average,73.06,8.09,2020-12-12 22:03:09
average,73.06,8.1,2020-12-12 22:13:19
average,73.06,8.1,2020-12-12 22:23:29
average,73.18,8.12,2020-12-12 22:33:40
average,73.18,8.1,2020-12-12 22:43:50
average,73.18,8.11,2020-12-12 22:54:01
average,73.18,8.1,2020-12-12 23:04:11
average,73.18,8.11,2020-12-12 23:14:22
average,73.18,8.11,2020-12-12 23:24:32
average,73.18,8.12,2020-12-12 23:34:42
average,73.18,8.1,2020-12-12 23:44:53
average,73.25,8.12,2020-12-12 23:55:03
average,73.18,8.13,2020-12-13 00:05:14
average,73.22,8.11,2020-12-13 00:15:24
average,73.18,8.1,2020-12-13 00:25:35
average,73.18,8.11,2020-12-13 00:35:45
average,73.18,8.11,2020-12-13 00:45:55
average,73.18,8.1,2020-12-13 00:56:06
average,73.22,8.13,2020-12-13 01:06:16
average,73.18,8.12,2020-12-13 01:16:27
average,73.29,8.15,2020-12-13 01:26:37
average,73.18,8.13,2020-12-13 01:36:48
average,73.29,8.12,2020-12-13 01:46:58
average,73.18,8.11,2020-12-13 01:57:08
average,73.29,8.13,2020-12-13 02:07:19
average,73.22,8.15,2020-12-13 02:17:29
average,73.18,8.12,2020-12-13 02:27:40
average,73.29,8.12,2020-12-13 02:37:50
average,73.2,8.1,2020-12-13 02:48:01
average,73.29,8.08,2020-12-13 02:58:11
average,73.18,8.09,2020-12-13 03:08:21
average,73.27,8.1,2020-12-13 03:18:32
average,73.18,8.09,2020-12-13 03:28:42
average,73.29,8.11,2020-12-13 03:38:53
average,73.18,8.09,2020-12-13 03:49:03
average,73.29,8.07,2020-12-13 03:59:14
average,73.18,8.05,2020-12-13 04:09:24
average,73.29,8.07,2020-12-13 04:19:34
average,73.18,8.08,2020-12-13 04:29:45
average,73.29,8.05,2020-12-13 04:39:55
average,73.18,8.04,2020-12-13 04:50:06
average,73.18,8.03,2020-12-13 05:00:16
average,73.18,8.01,2020-12-13 05:10:27
average,73.18,7.85,2020-12-13 05:20:37
average,73.18,8.01,2020-12-13 05:30:47
average,73.18,8,2020-12-13 05:40:58
average,73.18,8.01,2020-12-13 05:51:08
average,73.16,8.01,2020-12-13 06:01:19
average,73.13,8.02,2020-12-13 06:11:29
average,73.06,7.99,2020-12-13 06:21:40
average,73.16,7.99,2020-12-13 06:31:50
average,73.06,8,2020-12-13 06:42:00
average,73.13,8,2020-12-13 06:52:11
average,73.06,7.98,2020-12-13 07:02:21
average,73.06,7.97,2020-12-13 07:12:32
average,73.06,7.96,2020-12-13 07:22:42
average,73.06,7.95,2020-12-13 07:32:53
average,73.06,7.94,2020-12-13 07:43:03
average,73.06,7.88,2020-12-13 07:53:13
average,73.06,7.95,2020-12-13 08:03:24
average,73.06,7.97,2020-12-13 08:13:34
average,73.02,8.06,2020-12-13 08:23:45
average,73.06,8.01,2020-12-13 08:33:55
average,72.95,8.18,2020-12-13 08:44:06
average,72.95,9.56,2020-12-13 08:54:16
average,72.84,9.46,2020-12-13 09:04:26
average,72.93,8.91,2020-12-13 09:14:37
average,72.84,8.66,2020-12-13 09:24:47
average,72.84,9.67,2020-12-13 09:34:58
average,72.84,9.3,2020-12-13 09:45:08
average,72.84,9,2020-12-13 09:55:19
average,72.84,8.75,2020-12-13 10:05:29
average,72.84,8.59,2020-12-13 10:15:39
average,72.84,8.56,2020-12-13 10:25:50
average,72.95,8.51,2020-12-13 10:36:00
average,72.88,8.47,2020-12-13 10:46:11
average,72.95,8.48,2020-12-13 10:56:21
average,72.95,8.44,2020-12-13 11:06:32
average,72.95,8.44,2020-12-13 11:16:42
average,72.95,8.45,2020-12-13 11:26:52
average,72.97,8.43,2020-12-13 11:37:03
average,72.97,8.51,2020-12-13 11:47:13
average,73.06,8.51,2020-12-13 11:57:24
average,73.06,8.51,2020-12-13 12:07:34
average,73.18,8.51,2020-12-13 12:17:45
average,73.13,8.52,2020-12-13 12:27:55
average,73.18,8.54,2020-12-13 12:38:05
average,73.18,8.52,2020-12-13 12:48:16
average,73.18,8.48,2020-12-13 12:58:26
average,73.27,8.48,2020-12-13 13:08:37
average,73.29,8.44,2020-12-13 13:18:47
average,73.29,8.42,2020-12-13 13:28:58
average,73.31,8.41,2020-12-13 13:39:08
average,73.4,8.41,2020-12-13 13:49:18
average,73.4,8.41,2020-12-13 13:59:29
average,73.51,8.4,2020-12-13 14:09:39
average,73.51,8.42,2020-12-13 14:19:50
average,73.51,8.01,2020-12-13 14:30:00
average,73.55,7.91,2020-12-13 14:40:11
average,73.55,7.98,2020-12-13 14:50:21
average,73.62,8.03,2020-12-13 15:00:31
average,73.62,8.05,2020-12-13 15:10:42
average,73.74,8.09,2020-12-13 15:20:52
average,73.74,8.17,2020-12-13 15:31:03
average,73.74,8.25,2020-12-13 15:41:13
average,73.74,7.18,2020-12-13 15:51:24
average,73.76,7.17,2020-12-13 16:01:34
average,73.72,6.91,2020-12-13 16:11:44
average,73.64,7.05,2020-12-13 16:21:55
average,73.62,6.88,2020-12-13 16:32:05
average,73.62,6.88,2020-12-13 16:42:16
average,73.6,7.07,2020-12-13 16:52:26
average,73.62,6.72,2020-12-13 17:02:37
average,73.51,6.71,2020-12-13 17:12:47
average,73.49,6.73,2020-12-13 17:22:57
average,73.4,6.82,2020-12-13 17:33:08
average,73.4,6.71,2020-12-13 17:43:18
average,73.29,6.7,2020-12-13 17:53:29
average,73.29,6.78,2020-12-13 18:03:39
average,73.18,6.84,2020-12-13 18:13:50
average,73.18,6.88,2020-12-13 18:24:00
average,73.18,6.88,2020-12-13 18:34:10
average,73.2,6.85,2020-12-13 18:44:21
average,73.18,6.88,2020-12-13 18:54:31
average,73.29,6.88,2020-12-13 19:04:42
average,73.29,6.92,2020-12-13 19:14:52
average,73.29,6.93,2020-12-13 19:25:03
average,73.29,7.18,2020-12-13 19:35:13
average,73.4,7.19,2020-12-13 19:45:23
average,73.29,7.18,2020-12-13 19:55:34
average,73.4,7.2,2020-12-13 20:05:44
average,73.31,7.21,2020-12-13 20:15:55
average,73.33,7.2,2020-12-13 20:26:05
average,73.36,7.2,2020-12-13 20:36:16
average,73.29,7.2,2020-12-13 20:46:26
average,73.4,7.2,2020-12-13 20:56:36
average,73.31,7.2,2020-12-13 21:06:47
average,73.4,7.21,2020-12-13 21:16:57
average,73.4,7.2,2020-12-13 21:27:08
average,73.4,7.21,2020-12-13 21:37:18
average,73.36,7.2,2020-12-13 21:47:29
average,73.4,7.2,2020-12-13 21:57:39
average,73.36,7.19,2020-12-13 22:07:49
average,73.4,7.18,2020-12-13 22:18:00
average,73.29,7.17,2020-12-13 22:28:10
average,73.4,7.18,2020-12-13 22:38:21
average,73.29,7.06,2020-12-13 22:48:31
average,73.33,6.53,2020-12-13 22:58:42
average,73.29,7.15,2020-12-13 23:08:52
average,73.29,7.13,2020-12-13 23:19:02
average,73.2,7.14,2020-12-13 23:29:13
average,73.29,7.13,2020-12-13 23:39:23
average,73.18,7.14,2020-12-13 23:49:34
average,73.18,7.13,2020-12-13 23:59:44
average,73.18,7.14,2020-12-14 00:09:55
average,73.11,7.12,2020-12-14 00:20:05
average,73.18,7.14,2020-12-14 00:30:15
average,73.06,7.13,2020-12-14 00:40:26
average,73.06,7.13,2020-12-14 00:50:36
average,73.06,7.12,2020-12-14 01:00:47
average,73.06,7.12,2020-12-14 01:10:57
average,72.97,7.11,2020-12-14 01:21:08
average,73.06,7.1,2020-12-14 01:31:18
average,72.95,7.1,2020-12-14 01:41:28
average,72.95,7.1,2020-12-14 01:51:39
average,72.95,7.12,2020-12-14 02:01:49
average,72.86,7.1,2020-12-14 02:12:00
average,72.91,7.12,2020-12-14 02:22:10
average,72.84,7.1,2020-12-14 02:32:21
average,72.84,7.09,2020-12-14 02:42:31
average,72.84,7.07,2020-12-14 02:52:41
average,72.84,7.08,2020-12-14 03:02:52
average,72.77,7.05,2020-12-14 03:13:02
average,72.84,7.06,2020-12-14 03:23:13
average,72.72,7.06,2020-12-14 03:33:23
average,72.79,7.05,2020-12-14 03:43:34
average,72.72,7.05,2020-12-14 03:53:44
average,72.72,7.05,2020-12-14 04:03:54
average,72.65,7.03,2020-12-14 04:14:05
average,72.61,7.02,2020-12-14 04:24:15
average,72.61,7,2020-12-14 04:34:26
average,72.59,6.98,2020-12-14 04:44:36
average,72.61,6.98,2020-12-14 04:54:47
average,72.5,6.96,2020-12-14 05:04:57
average,72.5,6.95,2020-12-14 05:15:07
average,72.5,6.94,2020-12-14 05:25:18
average,72.5,6.94,2020-12-14 05:35:28
average,72.39,6.9,2020-12-14 05:45:39
average,72.46,6.91,2020-12-14 05:55:49
average,72.39,6.88,2020-12-14 06:06:00
average,72.39,6.88,2020-12-14 06:16:10
average,72.29,6.88,2020-12-14 06:26:20
average,72.39,6.86,2020-12-14 06:36:31
average,72.27,6.85,2020-12-14 06:46:41
average,72.27,6.83,2020-12-14 06:56:52
average,72.25,6.83,2020-12-14 07:07:02
average,72.27,6.83,2020-12-14 07:17:13
average,72.16,6.8,2020-12-14 07:27:23
average,72.27,6.79,2020-12-14 07:37:33
average,72.16,6.79,2020-12-14 07:47:44
average,72.16,6.81,2020-12-14 07:57:54
average,72.16,6.79,2020-12-14 08:08:05
average,72.05,6.77,2020-12-14 08:18:15
average,72.05,6.79,2020-12-14 08:28:26
average,72.05,6.8,2020-12-14 08:38:36
average,72.05,6.8,2020-12-14 08:48:46
average,72.05,6.77,2020-12-14 08:58:57
average,72.05,6.75,2020-12-14 09:09:07
average,71.96,6.74,2020-12-14 09:19:18
average,71.96,6.74,2020-12-14 09:29:28
average,71.94,6.74,2020-12-14 09:39:39
average,71.94,6.74,2020-12-14 09:49:49
average,71.94,6.72,2020-12-14 09:59:59
average,71.94,6.72,2020-12-14 10:10:10
average,71.89,6.7,2020-12-14 10:20:20
average,71.94,6.71,2020-12-14 10:30:31
average,71.82,6.7,2020-12-14 10:40:41
average,71.82,6.72,2020-12-14 10:50:51
average,71.75,6.71,2020-12-14 11:01:02
average,71.82,6.77,2020-12-14 11:11:12
average,71.71,6.81,2020-12-14 11:21:23
average,71.71,6.82,2020-12-14 11:31:33
average,71.71,6.77,2020-12-14 11:41:44
average,71.69,6.79,2020-12-14 11:51:54
average,71.82,6.84,2020-12-14 12:02:04
average,72.12,6.91,2020-12-14 12:12:15
average,71.94,6.61,2020-12-14 12:22:25
average,71.94,6.22,2020-12-14 12:32:36
average,71.94,6.22,2020-12-14 12:42:46
average,71.94,6.22,2020-12-14 12:52:57
average,71.84,6.07,2020-12-14 13:03:07
average,71.82,6.06,2020-12-14 13:13:17
average,71.82,6.08,2020-12-14 13:23:28
average,71.71,6.07,2020-12-14 13:33:38
average,71.8,6.08,2020-12-14 13:43:49
average,71.67,6.1,2020-12-14 13:53:59
average,71.71,6.12,2020-12-14 14:04:10
average,71.6,6.11,2020-12-14 14:14:20
average,71.64,6.11,2020-12-14 14:24:30
average,71.6,6.14,2020-12-14 14:34:41
average,71.49,6.13,2020-12-14 14:44:51
average,71.49,6.13,2020-12-14 14:55:02
average,71.56,6.12,2020-12-14 15:05:12
average,71.49,6.13,2020-12-14 15:15:23
average,71.49,6.11,2020-12-14 15:25:33
average,71.42,6.14,2020-12-14 15:35:44
average,71.37,6.12,2020-12-14 15:45:54
average,71.37,6.13,2020-12-14 15:56:04
average,71.37,6.11,2020-12-14 16:06:15
average,71.37,6.11,2020-12-14 16:16:25
average,71.26,6.09,2020-12-14 16:26:36
average,71.26,6.12,2020-12-14 16:36:46
average,71.26,6.13,2020-12-14 16:46:56
average,71.26,6.1,2020-12-14 16:57:07
average,71.17,6.09,2020-12-14 17:07:17
average,71.17,6.09,2020-12-14 17:17:28
average,71.15,6.09,2020-12-14 17:27:38
average,71.15,6.09,2020-12-14 17:37:49
average,71.04,6.08,2020-12-14 17:47:59
average,71.04,6.09,2020-12-14 17:58:09
average,71.04,6.06,2020-12-14 18:08:20
average,71.04,6.06,2020-12-14 18:18:30
average,70.93,6.05,2020-12-14 18:28:41
average,70.93,6.05,2020-12-14 18:38:51
average,70.91,6.05,2020-12-14 18:49:02
average,70.86,6.05,2020-12-14 18:59:12
average,70.81,6.04,2020-12-14 19:09:22
average,70.81,6.06,2020-12-14 19:19:33
average,70.81,6.04,2020-12-14 19:29:43
average,70.77,6.04,2020-12-14 19:39:54
average,70.7,6.03,2020-12-14 19:50:04
average,70.7,6.02,2020-12-14 20:00:15
average,70.7,6.01,2020-12-14 20:10:25
average,70.68,6.02,2020-12-14 20:20:35
average,70.59,6.01,2020-12-14 20:30:46
average,70.59,6,2020-12-14 20:40:56
average,70.59,6.01,2020-12-14 20:51:07
average,70.59,6,2020-12-14 21:01:17
average,70.59,6,2020-12-14 21:11:28
average,70.47,6,2020-12-14 21:21:38
average,70.57,6,2020-12-14 21:31:48
average,70.45,6,2020-12-14 21:41:59
average,70.47,6,2020-12-14 21:52:09
average,70.36,6,2020-12-14 22:02:20
average,70.36,6,2020-12-14 22:12:30
average,70.34,6,2020-12-14 22:22:41
average,70.25,6,2020-12-14 22:32:51
average,70.25,6,2020-12-14 22:43:01
average,70.25,6,2020-12-14 22:53:12
average,70.14,6,2020-12-14 23:03:22
average,70.14,6,2020-12-14 23:13:33
average,70.14,6,2020-12-14 23:23:43
average,70.04,6,2020-12-14 23:33:54
average,70.14,6,2020-12-14 23:44:04
average,70.02,6,2020-12-14 23:54:14
average,70.02,6,2020-12-15 00:04:25
average,69.91,6,2020-12-15 00:14:35
average,69.91,6,2020-12-15 00:24:46
average,69.8,6,2020-12-15 00:34:56
average,69.8,6,2020-12-15 00:45:06
average,69.8,6,2020-12-15 00:55:17
average,69.69,6,2020-12-15 01:05:27
average,69.69,6,2020-12-15 01:15:38
average,69.57,6,2020-12-15 01:25:48
average,69.55,6,2020-12-15 01:35:59
average,69.57,6,2020-12-15 01:46:09
average,69.46,6,2020-12-15 01:56:19
average,69.46,6,2020-12-15 02:06:30
average,69.35,6,2020-12-15 02:16:40
average,69.31,6,2020-12-15 02:26:51
average,69.24,6,2020-12-15 02:37:01
average,69.17,6,2020-12-15 02:47:12
average,69.24,6,2020-12-15 02:57:22
average,69.08,6,2020-12-15 03:07:32
average,69.01,6,2020-12-15 03:17:43
average,69.01,6,2020-12-15 03:27:53
average,68.9,6,2020-12-15 03:38:04
average,68.97,6,2020-12-15 03:48:14
average,68.79,6,2020-12-15 03:58:25
average,68.79,6,2020-12-15 04:08:35
average,68.79,6,2020-12-15 04:18:45
average,68.68,6,2020-12-15 04:28:56
average,68.68,6,2020-12-15 04:39:06
average,68.56,6,2020-12-15 04:49:17
average,68.52,6,2020-12-15 04:59:27
average,68.45,6,2020-12-15 05:09:38
average,68.34,6,2020-12-15 05:19:48
average,68.34,6,2020-12-15 05:29:58
average,68.24,6,2020-12-15 05:40:09
average,68.22,6,2020-12-15 05:50:19
average,68.22,6,2020-12-15 06:00:30
average,68.11,6,2020-12-15 06:10:40
average,68.11,6,2020-12-15 06:20:50
average,68.07,6,2020-12-15 06:31:01
average,68.07,6,2020-12-15 06:41:11
average,68.04,6,2020-12-15 06:51:22
average,67.98,6,2020-12-15 07:01:32
average,67.96,6,2020-12-15 07:11:43
average,67.89,6,2020-12-15 07:21:53
average,67.89,6,2020-12-15 07:32:03
average,67.89,6,2020-12-15 07:42:14
average,67.77,6,2020-12-15 07:52:24
average,67.77,6,2020-12-15 08:02:35
average,67.66,6,2020-12-15 08:12:45
average,67.66,6,2020-12-15 08:22:56
average,67.66,6,2020-12-15 08:33:06
average,67.55,6,2020-12-15 08:43:16
average,67.62,6,2020-12-15 08:53:27
average,67.55,6,2020-12-15 09:03:37
average,67.55,6,2020-12-15 09:13:48
average,67.44,6,2020-12-15 09:23:58
average,67.44,6,2020-12-15 09:34:09
average,67.44,6,2020-12-15 09:44:19
average,67.34,6,2020-12-15 09:54:29
average,67.44,6,2020-12-15 10:04:40
average,67.21,6,2020-12-15 10:14:50
average,67.21,6,2020-12-15 10:25:01
average,67.32,6,2020-12-15 10:35:11
average,67.32,6,2020-12-15 10:45:22
average,67.34,6,2020-12-15 10:55:32
average,67.34,6,2020-12-15 11:05:42
average,67.42,6,2020-12-15 11:15:53
average,67.44,6,2020-12-15 11:26:03
average,67.44,6,2020-12-15 11:36:14
average,67.44,6,2020-12-15 11:46:24
average,67.44,6,2020-12-15 11:56:34
average,67.46,6,2020-12-15 12:06:45
average,67.44,6,2020-12-15 12:16:55
average,67.55,6,2020-12-15 12:27:06
average,67.55,6,2020-12-15 12:37:16
average,67.55,6,2020-12-15 12:47:27
average,67.68,6,2020-12-15 12:57:37
average,67.66,6,2020-12-15 13:07:47
average,67.77,6,2020-12-15 13:17:58
average,67.77,6,2020-12-15 13:28:08
average,67.89,6,2020-12-15 13:38:19
average,67.89,6,2020-12-15 13:48:29
average,67.89,6,2020-12-15 13:58:40
average,67.89,6,2020-12-15 14:08:50
average,68,6,2020-12-15 14:19:00
average,68,6,2020-12-15 14:29:11
average,68,6,2020-12-15 14:39:21
average,68,6,2020-12-15 14:49:32
average,68.07,6,2020-12-15 14:59:42
average,68.07,6,2020-12-15 15:09:53
average,68.11,6,2020-12-15 15:20:03
average,68.15,6,2020-12-15 15:30:13
average,68.11,6,2020-12-15 15:40:24
average,68.11,6,2020-12-15 15:50:34
average,68.11,6,2020-12-15 16:00:45
average,68.11,6,2020-12-15 16:10:55
average,68.11,6,2020-12-15 16:21:06
average,68.11,6,2020-12-15 16:31:16
average,68.22,6,2020-12-15 16:41:26
average,68.11,6,2020-12-15 16:51:37
average,68.22,6,2020-12-15 17:01:47
average,68.11,6,2020-12-15 17:11:58
average,68.11,6,2020-12-15 17:22:08
average,68.11,6,2020-12-15 17:32:18
average,68.11,6,2020-12-15 17:42:29
average,68.11,6,2020-12-15 17:52:39
average,68,6,2020-12-15 18:02:50
average,68,6,2020-12-15 18:13:00
average,68.11,6,2020-12-15 18:23:11
average,68.04,6,2020-12-15 18:33:21
average,68,6,2020-12-15 18:43:31
average,68,6,2020-12-15 18:53:42
average,68,6,2020-12-15 19:03:52
average,68,6,2020-12-15 19:14:03
average,68,6,2020-12-15 19:24:13
average,67.98,6,2020-12-15 19:34:24
average,68,6,2020-12-15 19:44:34
average,67.96,6,2020-12-15 19:54:44
average,67.96,6,2020-12-15 20:04:55
average,68,6,2020-12-15 20:15:05
average,67.89,6,2020-12-15 20:25:16
average,67.89,6,2020-12-15 20:35:26
average,67.89,6,2020-12-15 20:45:37
average,67.89,6,2020-12-15 20:55:47
average,67.89,6,2020-12-15 21:05:57
average,67.79,6,2020-12-15 21:16:08
average,67.87,6,2020-12-15 21:26:18
average,67.77,6,2020-12-15 21:36:29
average,67.77,6,2020-12-15 21:46:39
average,67.77,6,2020-12-15 21:56:50
average,67.66,6,2020-12-15 22:07:00
average,67.66,6,2020-12-15 22:17:10
average,67.73,6,2020-12-15 22:27:21
average,67.66,6,2020-12-15 22:37:31
average,67.59,6,2020-12-15 22:47:42
average,67.66,6,2020-12-15 22:57:52
average,67.55,6,2020-12-15 23:08:03
average,67.53,6,2020-12-15 23:18:13
average,67.55,6,2020-12-15 23:28:23
average,67.44,6,2020-12-15 23:38:34
average,67.44,6,2020-12-15 23:48:44
average,67.32,6,2020-12-15 23:58:55
average,67.25,6,2020-12-16 00:09:05
average,67.21,6,2020-12-16 00:19:15
average,67.21,6,2020-12-16 00:29:26
average,67.1,6,2020-12-16 00:39:36
average,67.1,6,2020-12-16 00:49:47
average,67.1,6,2020-12-16 00:59:57
average,66.99,6,2020-12-16 01:10:08
average,66.99,6,2020-12-16 01:20:18
average,66.99,6,2020-12-16 01:30:28
average,66.87,6,2020-12-16 01:40:39
average,66.87,6,2020-12-16 01:50:49
average,66.87,6,2020-12-16 02:01:00
average,66.76,6,2020-12-16 02:11:10
average,66.76,6,2020-12-16 02:21:21
average,66.76,6,2020-12-16 02:31:31
average,66.65,6,2020-12-16 02:41:41
average,66.65,6,2020-12-16 02:51:52
average,66.65,6,2020-12-16 03:02:02
average,66.54,6,2020-12-16 03:12:13
average,66.54,6,2020-12-16 03:22:23
average,66.43,6,2020-12-16 03:32:33
average,66.43,6,2020-12-16 03:42:44
average,66.36,6,2020-12-16 03:52:54
average,66.43,6,2020-12-16 04:03:05
average,66.31,6,2020-12-16 04:13:15
average,66.24,6,2020-12-16 04:23:26
average,66.29,6,2020-12-16 04:33:36
average,66.18,6,2020-12-16 04:43:46
average,66.11,6,2020-12-16 04:53:57
average,66.07,6,2020-12-16 05:04:07
average,65.97,6,2020-12-16 05:14:18
average,66.07,6,2020-12-16 05:24:28
average,65.86,6,2020-12-16 05:34:39
average,65.86,6,2020-12-16 05:44:49
average,65.86,6,2020-12-16 05:54:59
average,65.75,6,2020-12-16 06:05:10
average,65.75,6,2020-12-16 06:15:20
average,65.66,6,2020-12-16 06:25:31
average,65.64,6,2020-12-16 06:35:41
average,65.64,6,2020-12-16 06:45:52
average,65.64,6,2020-12-16 06:56:02
average,65.52,6,2020-12-16 07:06:12
average,65.48,6,2020-12-16 07:16:23
average,65.45,6,2020-12-16 07:26:33
average,65.48,6,2020-12-16 07:36:44
average,65.41,6,2020-12-16 07:46:54
average,65.3,6,2020-12-16 07:57:04
average,65.3,6,2020-12-16 08:07:15
average,65.3,6,2020-12-16 08:17:25
average,65.26,6,2020-12-16 08:27:36
average,65.26,6,2020-12-16 08:37:46
average,65.3,6,2020-12-16 08:47:57
average,65.19,6,2020-12-16 08:58:07
average,65.19,6,2020-12-16 09:08:17
average,65.19,6,2020-12-16 09:18:28
average,65.17,6,2020-12-16 09:28:38
average,65.19,6,2020-12-16 09:38:49
average,65.12,6,2020-12-16 09:48:59
average,65.07,6,2020-12-16 09:59:10
average,65.07,6,2020-12-16 10:09:20
average,65.07,6,2020-12-16 10:19:30
average,64.96,6,2020-12-16 10:29:41
average,65.07,6,2020-12-16 10:39:51
average,65.07,6,2020-12-16 10:50:02
average,64.96,6,2020-12-16 11:00:12
average,64.96,6,2020-12-16 11:10:22
average,65.07,6,2020-12-16 11:20:33
average,64.96,6,2020-12-16 11:30:43
average,64.96,6,2020-12-16 11:40:54
average,64.96,6,2020-12-16 11:51:04
average,64.96,6,2020-12-16 12:01:15
average,64.96,6,2020-12-16 12:11:25
average,64.96,6,2020-12-16 12:21:35
average,64.94,6,2020-12-16 12:31:46
average,64.89,6,2020-12-16 12:41:56
average,64.96,6,2020-12-16 12:52:07
average,64.85,6,2020-12-16 13:02:17
average,64.85,6,2020-12-16 13:12:28
average,64.96,6,2020-12-16 13:22:38
average,64.85,6,2020-12-16 13:32:48
average,64.85,6,2020-12-16 13:42:59
average,64.85,6,2020-12-16 13:53:09
average,64.85,6,2020-12-16 14:03:20
average,64.85,6,2020-12-16 14:13:30
average,64.85,6,2020-12-16 14:23:41
average,64.85,6,2020-12-16 14:33:51
average,64.85,6,2020-12-16 14:44:01
average,64.85,6,2020-12-16 14:54:12
average,64.85,6,2020-12-16 15:04:22
average,64.85,6,2020-12-16 15:14:33
average,64.85,6,2020-12-16 15:24:43
average,64.85,6,2020-12-16 15:34:53
average,64.85,6,2020-12-16 15:45:04
average,64.78,6,2020-12-16 15:55:14
average,64.76,6,2020-12-16 16:05:25
average,64.85,6,2020-12-16 16:15:35
average,64.85,6,2020-12-16 16:25:46
average,64.83,6,2020-12-16 16:35:56
average,64.78,6,2020-12-16 16:46:06
average,64.74,6,2020-12-16 16:56:17
average,64.76,6,2020-12-16 17:06:27
average,64.78,6,2020-12-16 17:16:38
average,64.74,6,2020-12-16 17:26:48
average,64.74,6,2020-12-16 17:36:59
average,64.74,6,2020-12-16 17:47:09
average,64.69,6,2020-12-16 17:57:19
average,64.64,6,2020-12-16 18:07:30
average,64.74,6,2020-12-16 18:17:40
average,64.74,6,2020-12-16 18:27:51
average,64.62,6,2020-12-16 18:38:01
average,64.62,6,2020-12-16 18:48:11
average,64.72,6,2020-12-16 18:58:22
average,64.62,6,2020-12-16 19:08:32
average,64.62,6,2020-12-16 19:18:43
average,64.62,6,2020-12-16 19:28:53
average,64.6,6,2020-12-16 19:39:04
average,64.62,6,2020-12-16 19:49:14
average,64.62,6,2020-12-16 19:59:24
average,64.62,6,2020-12-16 20:09:35
average,64.55,6,2020-12-16 20:19:45
average,64.6,6,2020-12-16 20:29:56
average,64.62,6,2020-12-16 20:40:06
average,64.51,6,2020-12-16 20:50:17
average,64.51,6,2020-12-16 21:00:27
average,64.51,6,2020-12-16 21:10:37
average,64.6,6,2020-12-16 21:20:48
average,64.51,6,2020-12-16 21:30:58
average,64.51,6,2020-12-16 21:41:09
average,64.51,6,2020-12-16 21:51:19
average,64.53,6,2020-12-16 22:01:29
average,64.51,6,2020-12-16 22:11:40
average,64.49,6,2020-12-16 22:21:50
average,64.51,6,2020-12-16 22:32:01
average,64.47,6,2020-12-16 22:42:11
average,64.4,6,2020-12-16 22:52:22
average,64.44,6,2020-12-16 23:02:32
average,64.4,6,2020-12-16 23:12:42
average,64.4,6,2020-12-16 23:22:53
average,64.38,6,2020-12-16 23:33:03
average,64.4,6,2020-12-16 23:43:14
average,64.4,6,2020-12-16 23:53:24
average,64.29,6,2020-12-17 00:03:35
average,64.29,6,2020-12-17 00:13:45
average,64.29,6,2020-12-17 00:23:55
average,64.29,6,2020-12-17 00:34:06
average,64.18,6,2020-12-17 00:44:16
average,64.18,6,2020-12-17 00:54:27
average,64.2,6,2020-12-17 01:04:37
average,64.18,6,2020-12-17 01:14:48
average,64.18,6,2020-12-17 01:24:58
average,64.18,6,2020-12-17 01:35:08
average,64.18,6,2020-12-17 01:45:19
average,64.11,6,2020-12-17 01:55:29
average,64.06,6,2020-12-17 02:05:40
average,64.06,6,2020-12-17 02:15:50
average,64.08,6,2020-12-17 02:26:00
average,64.08,6,2020-12-17 02:36:11
average,64.06,6,2020-12-17 02:46:21
average,64.06,6,2020-12-17 02:56:32
average,64.06,6,2020-12-17 03:06:42
average,63.95,6,2020-12-17 03:16:53
average,63.95,6,2020-12-17 03:27:03
average,63.95,6,2020-12-17 03:37:13
average,63.95,6,2020-12-17 03:47:24
average,63.95,6,2020-12-17 03:57:34
average,63.95,6,2020-12-17 04:07:45
average,63.95,6,2020-12-17 04:17:55
average,63.84,6,2020-12-17 04:28:06
average,63.86,6,2020-12-17 04:38:16
average,63.84,6,2020-12-17 04:48:26
average,63.84,6,2020-12-17 04:58:37
average,63.84,6,2020-12-17 05:08:47
average,63.82,6,2020-12-17 05:18:58
average,63.72,6,2020-12-17 05:29:08
average,63.72,6,2020-12-17 05:39:18
average,63.7,6,2020-12-17 05:49:29
average,63.63,6,2020-12-17 05:59:39
average,63.61,6,2020-12-17 06:09:50
average,63.61,6,2020-12-17 06:20:00
average,63.61,6,2020-12-17 06:30:11
average,63.61,6,2020-12-17 06:40:21
average,63.61,6,2020-12-17 06:50:31
average,63.5,6,2020-12-17 07:00:42
average,63.5,6,2020-12-17 07:10:52
average,63.5,6,2020-12-17 07:21:03
average,63.54,6,2020-12-17 07:31:13
average,63.5,6,2020-12-17 07:41:24
average,63.5,6,2020-12-17 07:51:34
average,63.5,6,2020-12-17 08:01:44
average,63.5,6,2020-12-17 08:11:55
average,63.39,6,2020-12-17 08:22:05
average,63.32,6,2020-12-17 08:32:16
average,63.16,6,2020-12-17 08:42:26
average,63.05,6,2020-12-17 08:52:36
average,62.94,6,2020-12-17 09:02:47
average,62.82,6,2020-12-17 09:12:57
average,62.71,6,2020-12-17 09:23:08
average,62.6,6,2020-12-17 09:33:18
average,62.38,6,2020-12-17 09:43:29
average,62.19,6,2020-12-17 09:53:39
average,62.04,6,2020-12-17 10:03:49
average,61.93,6,2020-12-17 10:14:00
average,61.79,6,2020-12-17 10:24:10
average,61.7,6,2020-12-17 10:34:21
average,61.7,6,2020-12-17 10:44:31
average,61.66,6,2020-12-17 10:54:41
average,61.7,6,2020-12-17 11:04:52
average,61.7,6,2020-12-17 11:15:02
average,61.59,6,2020-12-17 11:25:13
average,61.49,6,2020-12-17 11:35:23
average,61.45,6,2020-12-17 11:45:34
average,61.36,6,2020-12-17 11:55:44
average,61.36,6,2020-12-17 12:05:54
average,61.25,6,2020-12-17 12:16:05
average,61.25,6,2020-12-17 12:26:15
average,61.18,6,2020-12-17 12:36:26
average,61.03,6,2020-12-17 12:46:36
average,61.01,6,2020-12-17 12:56:46
average,60.98,6,2020-12-17 13:06:57
average,60.93,6,2020-12-17 13:17:07
average,61.03,6,2020-12-17 13:27:18
average,61.07,6,2020-12-17 13:37:28
average,61.14,6,2020-12-17 13:47:39
average,61.14,6,2020-12-17 13:57:49
average,61.14,6,2020-12-17 14:07:59
average,61.25,6,2020-12-17 14:18:10
average,61.25,6,2020-12-17 14:28:20
average,61.36,6,2020-12-17 14:38:31
average,61.45,6,2020-12-17 14:48:41
average,61.47,6,2020-12-17 14:58:52
average,61.54,6,2020-12-17 15:09:02
average,61.59,6,2020-12-17 15:19:12
average,61.7,6,2020-12-17 15:29:23
average,61.81,6,2020-12-17 15:39:33
average,61.81,6,2020-12-17 15:49:44
average,61.81,6,2020-12-17 15:59:54
average,61.81,6,2020-12-17 16:10:04
average,61.81,6,2020-12-17 16:20:15
average,61.72,6,2020-12-17 16:30:25
average,61.59,6,2020-12-17 16:40:36
average,61.59,6,2020-12-17 16:50:46
average,61.47,6,2020-12-17 17:00:57
average,61.54,6,2020-12-17 17:11:07
average,61.59,6,2020-12-17 17:21:17
average,61.59,6,2020-12-17 17:31:28
average,61.59,6,2020-12-17 17:41:38
average,61.61,6,2020-12-17 17:51:49
average,61.59,6,2020-12-17 18:01:59
average,61.66,6,2020-12-17 18:12:10
average,61.68,6,2020-12-17 18:22:20
average,61.7,6,2020-12-17 18:32:30
average,61.77,6,2020-12-17 18:42:41
average,61.81,6,2020-12-17 18:52:51
average,61.7,6,2020-12-17 19:03:02
average,61.81,6,2020-12-17 19:13:12
average,61.81,6,2020-12-17 19:23:22
average,61.93,6,2020-12-17 19:33:33
average,61.81,6,2020-12-17 19:43:43
average,61.81,6,2020-12-17 19:53:54
average,61.81,6,2020-12-17 20:04:04
average,61.93,6,2020-12-17 20:14:15
average,61.93,6,2020-12-17 20:24:25
average,61.91,6,2020-12-17 20:34:35
average,61.93,6,2020-12-17 20:44:46
average,61.93,6,2020-12-17 20:54:56
average,62.04,6,2020-12-17 21:05:07
average,61.93,6,2020-12-17 21:15:17
average,62,6,2020-12-17 21:25:27
average,62.04,6,2020-12-17 21:35:38
average,62.04,6,2020-12-17 21:45:48
average,62.04,6,2020-12-17 21:55:59
average,62.04,6,2020-12-17 22:06:09
average,62.04,6,2020-12-17 22:16:20
average,62.11,6,2020-12-17 22:26:30
average,62.15,6,2020-12-17 22:36:40
average,62.04,6,2020-12-17 22:46:51
average,62.06,6,2020-12-17 22:57:01
average,62.15,6,2020-12-17 23:07:12
average,62.15,6,2020-12-17 23:17:22
average,62.15,6,2020-12-17 23:27:33
average,62.11,6,2020-12-17 23:37:43
average,62.11,6,2020-12-17 23:47:53
average,62.15,6,2020-12-17 23:58:04
average,62.11,6,2020-12-18 00:08:14
average,62.15,6,2020-12-18 00:18:25
average,62.15,6,2020-12-18 00:28:35
average,62.15,6,2020-12-18 00:38:45
average,62.06,6,2020-12-18 00:48:56
average,62.04,6,2020-12-18 00:59:06
average,62.04,6,2020-12-18 01:09:17
average,62.04,6,2020-12-18 01:19:27
average,62.15,6,2020-12-18 01:29:38
average,62.13,6,2020-12-18 01:39:48
average,62.04,6,2020-12-18 01:49:58
average,62.04,6,2020-12-18 02:00:09
average,62.04,6,2020-12-18 02:10:19
average,62.04,6,2020-12-18 02:20:30
average,62.04,6,2020-12-18 02:30:40
average,62.04,6,2020-12-18 02:40:50
average,62,6,2020-12-18 02:51:01
average,61.93,6,2020-12-18 03:01:11
average,61.93,6,2020-12-18 03:11:22
average,61.93,6,2020-12-18 03:21:32
average,61.93,6,2020-12-18 03:31:43
average,61.93,6,2020-12-18 03:41:53
average,61.93,6,2020-12-18 03:52:03
average,61.93,6,2020-12-18 04:02:14
average,61.81,6,2020-12-18 04:12:24
average,61.83,6,2020-12-18 04:22:35
average,61.81,6,2020-12-18 04:32:45
average,61.81,6,2020-12-18 04:42:56
average,61.81,6,2020-12-18 04:53:06
average,61.83,6,2020-12-18 05:03:16
average,61.81,6,2020-12-18 05:13:27
average,61.74,6,2020-12-18 05:23:37
average,61.7,6,2020-12-18 05:33:48
average,61.7,6,2020-12-18 05:43:58
average,61.7,6,2020-12-18 05:54:08
average,61.7,6,2020-12-18 06:04:19
average,61.7,6,2020-12-18 06:14:29
average,61.7,6,2020-12-18 06:24:40
average,61.7,6,2020-12-18 06:34:50
average,61.7,6,2020-12-18 06:45:01
average,61.7,6,2020-12-18 06:55:11
average,61.7,6,2020-12-18 07:05:21
average,61.68,6,2020-12-18 07:15:32
average,61.7,6,2020-12-18 07:25:42
average,61.7,6,2020-12-18 07:35:53
average,61.7,6,2020-12-18 07:46:03
average,61.7,6,2020-12-18 07:56:14
average,61.59,6,2020-12-18 08:06:24
average,61.59,6,2020-12-18 08:16:34
average,61.59,6,2020-12-18 08:26:45
average,61.59,6,2020-12-18 08:36:55
average,61.59,6,2020-12-18 08:47:06
average,61.59,6,2020-12-18 08:57:16
average,61.63,6,2020-12-18 09:07:26
average,61.7,6,2020-12-18 09:17:37
average,61.66,6,2020-12-18 09:27:47
average,61.7,6,2020-12-18 09:37:58
average,61.7,6,2020-12-18 09:48:08
average,61.7,6,2020-12-18 09:58:19
average,61.7,6,2020-12-18 10:08:29
average,61.61,6,2020-12-18 10:18:39
average,61.7,6,2020-12-18 10:28:50
average,61.68,6,2020-12-18 10:39:00
average,61.7,6,2020-12-18 10:49:11
average,61.7,6,2020-12-18 10:59:21
average,61.72,6,2020-12-18 11:09:31
average,61.72,6,2020-12-18 11:19:42
average,61.79,6,2020-12-18 11:29:52
average,61.81,6,2020-12-18 11:40:03
average,61.81,6,2020-12-18 11:50:13
average,61.81,6,2020-12-18 12:00:24
average,61.93,6,2020-12-18 12:10:34
average,61.93,6,2020-12-18 12:20:44
average,61.93,6,2020-12-18 12:30:55
average,62.02,6,2020-12-18 12:41:05
average,62.04,6,2020-12-18 12:51:16
average,62.15,6,2020-12-18 13:01:26
average,62.22,6,2020-12-18 13:11:37
average,62.17,6,2020-12-18 13:21:47
average,62.26,6,2020-12-18 13:31:57
average,62.15,6,2020-12-18 13:42:08
average,62.26,6,2020-12-18 13:52:18
average,62.17,6,2020-12-18 14:02:29
average,62.15,6,2020-12-18 14:12:39
average,62.04,6,2020-12-18 14:22:49
average,62.04,6,2020-12-18 14:33:00
average,62.02,6,2020-12-18 14:43:10
average,61.93,6,2020-12-18 14:53:21
average,61.81,6,2020-12-18 15:03:31
average,61.81,6,2020-12-18 15:13:42
average,61.7,6,2020-12-18 15:23:52
average,61.7,6,2020-12-18 15:34:02
average,61.7,6,2020-12-18 15:44:13
average,61.7,6,2020-12-18 15:54:23
average,61.81,6,2020-12-18 16:04:34
average,61.7,6,2020-12-18 16:14:44
average,61.74,6,2020-12-18 16:24:55
average,61.81,6,2020-12-18 16:35:05
average,61.81,6,2020-12-18 16:45:15
average,61.81,6,2020-12-18 16:55:26
average,61.81,6,2020-12-18 17:05:36
average,61.93,6,2020-12-18 17:15:47
average,62.08,6,2020-12-18 17:25:57
average,62.15,6,2020-12-18 17:36:07
average,62.15,6,2020-12-18 17:46:18
average,62.26,6,2020-12-18 17:56:28
average,62.33,6,2020-12-18 18:06:39
average,62.26,6,2020-12-18 18:16:49
average,62.38,6,2020-12-18 18:27:00
average,62.4,6,2020-12-18 18:37:10
average,62.49,6,2020-12-18 18:47:20
average,62.49,6,2020-12-18 18:57:31
average,62.49,6,2020-12-18 19:07:41
average,62.49,6,2020-12-18 19:17:52
average,62.58,6,2020-12-18 19:28:02
average,62.6,6,2020-12-18 19:38:13
average,62.6,6,2020-12-18 19:48:23
average,62.6,6,2020-12-18 19:58:33
average,62.71,6,2020-12-18 20:08:44
average,62.6,6,2020-12-18 20:18:54
average,62.71,6,2020-12-18 20:29:05
average,62.71,6,2020-12-18 20:39:15
average,62.73,6,2020-12-18 20:49:25
average,62.71,6,2020-12-18 20:59:36
average,62.71,6,2020-12-18 21:09:46
average,62.82,6,2020-12-18 21:19:57
average,62.71,6,2020-12-18 21:30:07
average,62.71,6,2020-12-18 21:40:18
average,62.71,6,2020-12-18 21:50:28
average,62.82,6,2020-12-18 22:00:38
average,62.71,6,2020-12-18 22:10:49
average,62.71,6,2020-12-18 22:20:59
average,62.73,6,2020-12-18 22:31:10
average,62.73,6,2020-12-18 22:41:20
average,62.71,6,2020-12-18 22:51:31
average,62.71,6,2020-12-18 23:01:41
average,62.71,6,2020-12-18 23:11:51
average,62.71,6,2020-12-18 23:22:02
average,62.71,6,2020-12-18 23:32:12
average,62.6,6,2020-12-18 23:42:23
average,62.6,6,2020-12-18 23:52:33
average,62.71,6,2020-12-19 00:02:43
average,62.62,6,2020-12-19 00:12:54
average,62.6,6,2020-12-19 00:23:04
average,62.6,6,2020-12-19 00:33:15
average,62.58,6,2020-12-19 00:43:25
average,62.56,6,2020-12-19 00:53:36
average,62.49,6,2020-12-19 01:03:46
average,62.49,6,2020-12-19 01:13:56
average,62.49,6,2020-12-19 01:24:07
average,62.49,6,2020-12-19 01:34:17
average,62.38,6,2020-12-19 01:44:28
average,62.38,6,2020-12-19 01:54:38
average,62.38,6,2020-12-19 02:04:49
average,62.26,6,2020-12-19 02:14:59
average,62.26,6,2020-12-19 02:25:09
average,62.17,6,2020-12-19 02:35:20
average,62.15,6,2020-12-19 02:45:30
average,62.26,6,2020-12-19 02:55:41
average,62.15,6,2020-12-19 03:05:51
average,62.13,6,2020-12-19 03:16:01
average,62.06,6,2020-12-19 03:26:12
average,62.13,6,2020-12-19 03:36:22
average,62.06,6,2020-12-19 03:46:33
average,61.93,6,2020-12-19 03:56:43
average,61.93,6,2020-12-19 04:06:54
average,61.93,6,2020-12-19 04:17:04
average,61.93,6,2020-12-19 04:27:14
average,61.88,6,2020-12-19 04:37:25
average,61.81,6,2020-12-19 04:47:35
average,61.81,6,2020-12-19 04:57:46
average,61.81,6,2020-12-19 05:07:56
average,61.81,6,2020-12-19 05:18:06
average,61.7,6,2020-12-19 05:28:17
average,61.7,6,2020-12-19 05:38:27
average,61.7,6,2020-12-19 05:48:38
average,61.7,6,2020-12-19 05:58:48
average,61.68,6,2020-12-19 06:08:59
average,61.59,6,2020-12-19 06:19:09
average,61.54,6,2020-12-19 06:29:19
average,61.47,6,2020-12-19 06:39:30
average,61.47,6,2020-12-19 06:49:40
average,61.47,6,2020-12-19 06:59:51
average,61.47,6,2020-12-19 07:10:01
average,61.36,6,2020-12-19 07:20:12
average,61.36,6,2020-12-19 07:30:22
average,61.29,6,2020-12-19 07:40:32
average,61.25,6,2020-12-19 07:50:43
average,61.27,6,2020-12-19 08:00:53
average,61.25,6,2020-12-19 08:11:04
average,61.14,6,2020-12-19 08:21:14
average,61.14,6,2020-12-19 08:31:24
average,61.14,6,2020-12-19 08:41:35
average,61.14,6,2020-12-19 08:51:45
average,61.14,6,2020-12-19 09:01:56
average,61.03,6,2020-12-19 09:12:06
average,61.03,6,2020-12-19 09:22:17
average,60.96,6,2020-12-19 09:32:27
average,60.98,6,2020-12-19 09:42:37
average,60.93,6,2020-12-19 09:52:48
average,60.91,6,2020-12-19 10:02:58
average,60.91,6,2020-12-19 10:13:09
average,60.91,6,2020-12-19 10:23:19
average,60.91,6,2020-12-19 10:33:29
average,60.91,6,2020-12-19 10:43:40
average,60.91,6,2020-12-19 10:53:50
average,60.87,6,2020-12-19 11:04:01
average,60.91,6,2020-12-19 11:14:11
average,60.91,6,2020-12-19 11:24:22
average,60.91,6,2020-12-19 11:34:32
average,60.91,6,2020-12-19 11:44:42
average,60.91,6,2020-12-19 11:54:53
average,60.98,6,2020-12-19 12:05:03
average,61.03,6,2020-12-19 12:15:14
average,61.03,6,2020-12-19 12:25:24
average,61.03,6,2020-12-19 12:35:35
average,61.03,6,2020-12-19 12:45:45
average,61.03,6,2020-12-19 12:55:55
average,60.91,6,2020-12-19 13:06:06
average,60.91,6,2020-12-19 13:16:16
average,60.91,6,2020-12-19 13:26:27
average,60.91,6,2020-12-19 13:36:37
average,60.91,6,2020-12-19 13:46:47
average,60.96,6,2020-12-19 13:56:58
average,61.03,6,2020-12-19 14:07:08
average,61.03,6,2020-12-19 14:17:19
average,61.03,6,2020-12-19 14:27:29
average,61.07,6,2020-12-19 14:37:40
average,61.14,6,2020-12-19 14:47:50
average,61.25,6,2020-12-19 14:58:00
average,61.18,6,2020-12-19 15:08:11
average,61.25,6,2020-12-19 15:18:21
average,61.25,6,2020-12-19 15:28:32
average,61.36,6,2020-12-19 15:38:42
average,61.4,6,2020-12-19 15:48:52
average,61.36,6,2020-12-19 15:59:03
average,61.43,6,2020-12-19 16:09:13
average,61.47,6,2020-12-19 16:19:24
average,61.47,6,2020-12-19 16:29:34
average,61.59,6,2020-12-19 16:39:45
average,61.47,6,2020-12-19 16:49:55
average,61.59,6,2020-12-19 17:00:05
average,61.59,6,2020-12-19 17:10:16
average,61.7,6,2020-12-19 17:20:26
average,61.7,6,2020-12-19 17:30:37
average,61.7,6,2020-12-19 17:40:47
average,61.7,6,2020-12-19 17:50:58
average,61.81,6,2020-12-19 18:01:08
average,61.81,6,2020-12-19 18:11:18
average,61.81,6,2020-12-19 18:21:29
average,61.81,6,2020-12-19 18:31:39
average,61.93,6,2020-12-19 18:41:50
average,61.81,6,2020-12-19 18:52:00
average,61.83,6,2020-12-19 19:02:10
average,61.93,6,2020-12-19 19:12:21
average,61.93,6,2020-12-19 19:22:31
average,61.93,6,2020-12-19 19:32:42
average,61.93,6,2020-12-19 19:42:52
average,61.93,6,2020-12-19 19:53:03
average,61.93,6,2020-12-19 20:03:13
average,62.04,6,2020-12-19 20:13:23
average,61.93,6,2020-12-19 20:23:34
average,61.93,6,2020-12-19 20:33:44
average,62.04,6,2020-12-19 20:43:55
average,62.04,6,2020-12-19 20:54:05
average,62.13,6,2020-12-19 21:04:16
average,62.04,6,2020-12-19 21:14:26
average,62.04,6,2020-12-19 21:24:36
average,62.04,6,2020-12-19 21:34:47
average,62.15,6,2020-12-19 21:44:57
average,62.06,6,2020-12-19 21:55:08
average,62.13,6,2020-12-19 22:05:18
average,62.15,6,2020-12-19 22:15:28
average,62.15,6,2020-12-19 22:25:39
average,62.15,6,2020-12-19 22:35:49
average,62.15,6,2020-12-19 22:46:00
average,62.15,6,2020-12-19 22:56:10
average,62.15,6,2020-12-19 23:06:21
average,62.15,6,2020-12-19 23:16:31
average,62.17,6,2020-12-19 23:26:41
average,62.17,6,2020-12-19 23:36:52
average,62.26,6,2020-12-19 23:47:02
average,62.15,6,2020-12-19 23:57:13
average,62.15,6,2020-12-20 00:07:23
average,62.24,6,2020-12-20 00:17:33
average,62.24,6,2020-12-20 00:27:44
average,62.15,6,2020-12-20 00:37:54
average,62.19,6,2020-12-20 00:48:05
average,62.26,6,2020-12-20 00:58:15
average,62.26,6,2020-12-20 01:08:26
average,62.24,6,2020-12-20 01:18:36
average,62.22,6,2020-12-20 01:28:46
average,62.26,6,2020-12-20 01:38:57
average,62.26,6,2020-12-20 01:49:07
average,62.26,6,2020-12-20 01:59:18
average,62.26,6,2020-12-20 02:09:28
average,62.26,6,2020-12-20 02:19:39
average,62.26,6,2020-12-20 02:29:49
average,62.28,6,2020-12-20 02:39:59
average,62.26,6,2020-12-20 02:50:10
average,62.26,6,2020-12-20 03:00:20
average,62.38,6,2020-12-20 03:10:31
average,62.26,6,2020-12-20 03:20:41
average,62.26,6,2020-12-20 03:30:51
average,62.26,6,2020-12-20 03:41:02
average,62.38,6,2020-12-20 03:51:12
average,62.26,6,2020-12-20 04:01:23
average,62.26,6,2020-12-20 04:11:33
average,62.31,6,2020-12-20 04:21:44
average,62.38,6,2020-12-20 04:31:54
average,62.38,6,2020-12-20 04:42:04
average,62.36,6,2020-12-20 04:52:15
average,62.38,6,2020-12-20 05:02:25
average,62.38,6,2020-12-20 05:12:36
average,62.38,6,2020-12-20 05:22:46
average,62.45,6,2020-12-20 05:32:57
average,62.38,6,2020-12-20 05:43:07
average,62.38,6,2020-12-20 05:53:17
average,62.38,6,2020-12-20 06:03:28
average,62.49,6,2020-12-20 06:13:38
average,62.49,6,2020-12-20 06:23:49
average,62.38,6,2020-12-20 06:33:59
average,62.49,6,2020-12-20 06:44:09
average,62.49,6,2020-12-20 06:54:20
average,62.49,6,2020-12-20 07:04:30
average,62.49,6,2020-12-20 07:14:41
average,62.49,6,2020-12-20 07:24:51
average,62.49,6,2020-12-20 07:35:02
average,62.49,6,2020-12-20 07:45:12
average,62.6,6,2020-12-20 07:55:22
average,62.49,6,2020-12-20 08:05:33
average,62.49,6,2020-12-20 08:15:43
average,62.6,6,2020-12-20 08:25:54
average,62.51,6,2020-12-20 08:36:04
average,62.56,6,2020-12-20 08:46:15
average,62.6,6,2020-12-20 08:56:25
average,62.6,6,2020-12-20 09:06:35
average,62.6,6,2020-12-20 09:16:46
average,62.6,6,2020-12-20 09:26:56
average,62.49,6,2020-12-20 09:37:07
average,62.6,6,2020-12-20 09:47:17
average,62.6,6,2020-12-20 09:57:27
average,62.6,6,2020-12-20 10:07:38
average,62.6,6,2020-12-20 10:17:48
average,62.6,6,2020-12-20 10:27:59
average,62.62,6,2020-12-20 10:38:09
average,62.69,6,2020-12-20 10:48:20
average,62.71,6,2020-12-20 10:58:30
average,62.69,6,2020-12-20 11:08:40
average,62.71,6,2020-12-20 11:18:51
average,62.73,6,2020-12-20 11:29:01
average,62.71,6,2020-12-20 11:39:12
average,62.73,6,2020-12-20 11:49:22
average,62.82,6,2020-12-20 11:59:33
average,62.82,6,2020-12-20 12:09:43
average,62.82,6,2020-12-20 12:19:53
average,62.82,6,2020-12-20 12:30:04
average,62.94,6,2020-12-20 12:40:14
average,62.94,6,2020-12-20 12:50:25
average,62.94,6,2020-12-20 13:00:35
average,62.94,6,2020-12-20 13:10:45
average,63.05,6,2020-12-20 13:20:56
average,63.03,6,2020-12-20 13:31:06
average,63.05,6,2020-12-20 13:41:17
average,63.05,6,2020-12-20 13:51:27
average,63.16,6,2020-12-20 14:01:38
average,63.16,6,2020-12-20 14:11:48
average,63.16,6,2020-12-20 14:21:58
average,63.18,6,2020-12-20 14:32:09
average,63.28,6,2020-12-20 14:42:19
average,63.28,6,2020-12-20 14:52:30
average,63.39,6,2020-12-20 15:02:40
average,63.39,6,2020-12-20 15:12:51
average,63.39,6,2020-12-20 15:23:01
average,63.5,6,2020-12-20 15:33:11
average,63.5,6,2020-12-20 15:43:22
average,63.52,6,2020-12-20 15:53:32
average,63.61,6,2020-12-20 16:03:43
average,63.72,6,2020-12-20 16:13:53
average,63.61,6,2020-12-20 16:24:03
average,63.72,6,2020-12-20 16:34:14
average,63.72,6,2020-12-20 16:44:24
average,63.72,6,2020-12-20 16:54:35
average,63.77,6,2020-12-20 17:04:45
average,63.84,6,2020-12-20 17:14:56
average,63.84,6,2020-12-20 17:25:06
average,63.86,6,2020-12-20 17:35:16
average,63.95,6,2020-12-20 17:45:27
average,63.95,6,2020-12-20 17:55:37
average,63.97,6,2020-12-20 18:05:48
average,63.95,6,2020-12-20 18:15:58
average,63.99,6,2020-12-20 18:26:09
average,64.06,6,2020-12-20 18:36:19
average,64.08,6,2020-12-20 18:46:29
average,64.06,6,2020-12-20 18:56:40
average,64.18,6,2020-12-20 19:06:50
average,64.18,6,2020-12-20 19:17:01
average,64.18,6,2020-12-20 19:27:11
average,64.25,6,2020-12-20 19:37:21
average,64.29,6,2020-12-20 19:47:32
average,64.29,6,2020-12-20 19:57:42
average,64.29,6,2020-12-20 20:07:53
average,64.29,6,2020-12-20 20:18:03
average,64.4,6,2020-12-20 20:28:14
average,64.29,6,2020-12-20 20:38:24
average,64.29,6,2020-12-20 20:48:34
average,64.29,6,2020-12-20 20:58:45
average,64.33,6,2020-12-20 21:08:55
average,64.4,6,2020-12-20 21:19:06
average,64.4,6,2020-12-20 21:29:16
average,64.4,6,2020-12-20 21:39:27
average,64.51,6,2020-12-20 21:49:37
average,64.4,6,2020-12-20 21:59:47
average,64.51,6,2020-12-20 22:09:58
average,64.51,6,2020-12-20 22:20:08
average,64.51,6,2020-12-20 22:30:19
average,64.62,6,2020-12-20 22:40:29
average,64.51,6,2020-12-20 22:50:40
average,64.6,6,2020-12-20 23:00:50
average,64.62,6,2020-12-20 23:11:00
average,64.62,6,2020-12-20 23:21:11
average,64.62,6,2020-12-20 23:31:21
average,64.62,6,2020-12-20 23:41:32
average,64.62,6,2020-12-20 23:51:42
average,64.62,6,2020-12-21 00:01:52
average,64.69,6,2020-12-21 00:12:03
average,64.62,6,2020-12-21 00:22:13
average,64.62,6,2020-12-21 00:32:24
average,64.67,6,2020-12-21 00:42:34
average,64.74,6,2020-12-21 00:52:45
average,64.74,6,2020-12-21 01:02:55
average,64.85,6,2020-12-21 01:13:05
average,64.74,6,2020-12-21 01:23:16
average,64.85,6,2020-12-21 01:33:26
average,64.74,6,2020-12-21 01:43:37
average,64.81,6,2020-12-21 01:53:47
average,64.76,6,2020-12-21 02:03:58
average,64.83,6,2020-12-21 02:14:08
average,64.85,6,2020-12-21 02:24:18
average,64.85,6,2020-12-21 02:34:29
average,64.85,6,2020-12-21 02:44:39
average,64.85,6,2020-12-21 02:54:50
average,64.87,6,2020-12-21 03:05:00
average,64.85,6,2020-12-21 03:15:10
average,64.85,6,2020-12-21 03:25:21
average,64.96,6,2020-12-21 03:35:31
average,64.92,6,2020-12-21 03:45:42
average,64.94,6,2020-12-21 03:55:52
average,64.92,6,2020-12-21 04:06:03
average,64.96,6,2020-12-21 04:16:13
average,64.96,6,2020-12-21 04:26:23
average,64.96,6,2020-12-21 04:36:34
average,64.96,6,2020-12-21 04:46:44
average,65,6,2020-12-21 04:56:55
average,64.96,6,2020-12-21 05:07:05
average,64.98,6,2020-12-21 05:17:16
average,65.05,6,2020-12-21 05:27:26
average,65.05,6,2020-12-21 05:37:36
average,65.07,6,2020-12-21 05:47:47
average,65.07,6,2020-12-21 05:57:57
average,65.07,6,2020-12-21 06:08:08
average,65.07,6,2020-12-21 06:18:18
average,65.07,6,2020-12-21 06:28:29
average,65.12,6,2020-12-21 06:38:39
average,65.07,6,2020-12-21 06:48:49
average,65.07,6,2020-12-21 06:59:00
average,65.07,6,2020-12-21 07:09:10
average,65.17,6,2020-12-21 07:19:21
average,65.19,6,2020-12-21 07:29:31
average,65.17,6,2020-12-21 07:39:41
average,65.19,6,2020-12-21 07:49:52
average,65.19,6,2020-12-21 08:00:02
average,65.19,6,2020-12-21 08:10:13
average,65.19,6,2020-12-21 08:20:23
average,65.19,6,2020-12-21 08:30:34
average,65.19,6,2020-12-21 08:40:44
average,65.28,6,2020-12-21 08:50:54
average,65.3,6,2020-12-21 09:01:05
average,65.3,6,2020-12-21 09:11:15
average,65.3,6,2020-12-21 09:21:26
average,65.3,6,2020-12-21 09:31:36
average,65.41,6,2020-12-21 09:41:47
average,65.3,6,2020-12-21 09:51:57
average,65.32,6,2020-12-21 10:02:07
average,65.41,6,2020-12-21 10:12:18
average,65.41,6,2020-12-21 10:22:28
average,65.48,6,2020-12-21 10:32:39
average,65.41,6,2020-12-21 10:42:49
average,65.52,6,2020-12-21 10:53:00
average,65.52,6,2020-12-21 11:03:10
average,65.52,6,2020-12-21 11:13:20
average,65.64,6,2020-12-21 11:23:31
average,65.54,6,2020-12-21 11:33:41
average,65.64,6,2020-12-21 11:43:52
average,65.64,6,2020-12-21 11:54:02
average,65.75,6,2020-12-21 12:04:12
average,65.75,6,2020-12-21 12:14:23
average,65.75,6,2020-12-21 12:24:33
average,65.82,6,2020-12-21 12:34:44
average,65.86,6,2020-12-21 12:44:54
average,65.97,6,2020-12-21 12:55:05
average,65.97,6,2020-12-21 13:05:15
average,66.02,6,2020-12-21 13:15:25
average,66.09,6,2020-12-21 13:25:36
average,66.09,6,2020-12-21 13:35:46
average,66.09,6,2020-12-21 13:45:57
average,66.09,6,2020-12-21 13:56:07
average,66.22,6,2020-12-21 14:06:18
average,66.27,6,2020-12-21 14:16:28
average,66.43,6,2020-12-21 14:26:38
average,66.36,6,2020-12-21 14:36:49
average,66.43,6,2020-12-21 14:46:59
average,66.5,6,2020-12-21 14:57:10
average,66.54,6,2020-12-21 15:07:20
average,66.65,6,2020-12-21 15:17:31
average,66.65,6,2020-12-21 15:27:41
average,66.69,6,2020-12-21 15:37:51
average,66.76,6,2020-12-21 15:48:02
average,66.76,6,2020-12-21 15:58:12
average,66.87,6,2020-12-21 16:08:23
average,66.87,6,2020-12-21 16:18:33
average,66.99,6,2020-12-21 16:28:43
average,66.99,6,2020-12-21 16:38:54
average,66.99,6,2020-12-21 16:49:04
average,67.03,6,2020-12-21 16:59:15
average,67.1,6,2020-12-21 17:09:25
average,67.1,6,2020-12-21 17:19:36
average,67.1,6,2020-12-21 17:29:46
average,67.21,6,2020-12-21 17:39:56
average,67.12,6,2020-12-21 17:50:07
average,67.21,6,2020-12-21 18:00:17
average,67.19,6,2020-12-21 18:10:28
average,67.21,6,2020-12-21 18:20:38
